ISO-10303-21;
HEADER;
/* Generated by software containing ST-Developer
 * from STEP Tools, Inc. (www.steptools.com) 
 */

FILE_DESCRIPTION(
/* description */ (''),
/* implementation_level */ '2;1');

FILE_NAME(
/* name */ 'Pi Zero Mount.step',
/* time_stamp */ '2025-04-12T16:36:26+02:00',
/* author */ (''),
/* organization */ (''),
/* preprocessor_version */ 'ST-DEVELOPER v20.1',
/* originating_system */ 'Autodesk Translation Framework v14.4.0.0',
/* authorisation */ '');

FILE_SCHEMA (('AUTOMOTIVE_DESIGN { 1 0 10303 214 3 1 1 }'));
ENDSEC;

DATA;
#10=MECHANICAL_DESIGN_GEOMETRIC_PRESENTATION_REPRESENTATION('',(#13),#4563);
#11=SHAPE_REPRESENTATION_RELATIONSHIP('SRR','None',#4570,#12);
#12=ADVANCED_BREP_SHAPE_REPRESENTATION('',(#14),#4562);
#13=STYLED_ITEM('',(#4580),#14);
#14=MANIFOLD_SOLID_BREP('Body1',#2631);
#15=CYLINDRICAL_SURFACE('',#2685,2.4);
#16=CYLINDRICAL_SURFACE('',#2690,2.4);
#17=CYLINDRICAL_SURFACE('',#2695,2.4);
#18=CYLINDRICAL_SURFACE('',#2700,2.4);
#19=CYLINDRICAL_SURFACE('',#2715,10.3);
#20=CYLINDRICAL_SURFACE('',#2718,10.3);
#21=CYLINDRICAL_SURFACE('',#2804,3.5);
#22=CYLINDRICAL_SURFACE('',#2806,4.);
#23=CYLINDRICAL_SURFACE('',#2809,4.);
#24=CYLINDRICAL_SURFACE('',#2811,4.);
#25=CYLINDRICAL_SURFACE('',#2814,4.);
#26=CYLINDRICAL_SURFACE('',#2816,4.);
#27=CYLINDRICAL_SURFACE('',#2819,4.);
#28=CYLINDRICAL_SURFACE('',#2821,3.5);
#29=CYLINDRICAL_SURFACE('',#2823,4.);
#30=CYLINDRICAL_SURFACE('',#2826,4.);
#31=CYLINDRICAL_SURFACE('',#2829,4.);
#32=CYLINDRICAL_SURFACE('',#2832,4.);
#33=CYLINDRICAL_SURFACE('',#2857,10.3);
#34=CYLINDRICAL_SURFACE('',#2907,3.5);
#35=CYLINDRICAL_SURFACE('',#2908,4.);
#36=CYLINDRICAL_SURFACE('',#2910,4.);
#37=CYLINDRICAL_SURFACE('',#2911,4.);
#38=CYLINDRICAL_SURFACE('',#2913,4.);
#39=CYLINDRICAL_SURFACE('',#2914,4.);
#40=CYLINDRICAL_SURFACE('',#2916,4.);
#41=CYLINDRICAL_SURFACE('',#2917,3.5);
#42=CYLINDRICAL_SURFACE('',#2921,3.9);
#43=CYLINDRICAL_SURFACE('',#2927,3.9);
#44=CYLINDRICAL_SURFACE('',#2933,3.9);
#45=CYLINDRICAL_SURFACE('',#2939,3.9);
#46=CYLINDRICAL_SURFACE('',#2946,10.3);
#47=CYLINDRICAL_SURFACE('',#2948,4.);
#48=CYLINDRICAL_SURFACE('',#2950,4.);
#49=CYLINDRICAL_SURFACE('',#2951,4.);
#50=CYLINDRICAL_SURFACE('',#2953,4.);
#51=CYLINDRICAL_SURFACE('',#2954,1.75);
#52=CYLINDRICAL_SURFACE('',#2955,1.75);
#53=CYLINDRICAL_SURFACE('',#2956,1.75);
#54=CYLINDRICAL_SURFACE('',#2958,1.75);
#55=FACE_BOUND('',#295,.T.);
#56=FACE_BOUND('',#296,.T.);
#57=FACE_BOUND('',#297,.T.);
#58=FACE_BOUND('',#298,.T.);
#59=FACE_BOUND('',#299,.T.);
#60=FACE_BOUND('',#300,.T.);
#61=FACE_BOUND('',#301,.T.);
#62=FACE_BOUND('',#302,.T.);
#63=FACE_BOUND('',#303,.T.);
#64=FACE_BOUND('',#378,.T.);
#65=FACE_BOUND('',#379,.T.);
#66=FACE_BOUND('',#380,.T.);
#67=FACE_BOUND('',#381,.T.);
#68=FACE_BOUND('',#382,.T.);
#69=FACE_BOUND('',#383,.T.);
#70=FACE_BOUND('',#384,.T.);
#71=FACE_BOUND('',#385,.T.);
#72=FACE_BOUND('',#386,.T.);
#73=FACE_BOUND('',#447,.T.);
#74=FACE_BOUND('',#451,.T.);
#75=FACE_BOUND('',#455,.T.);
#76=FACE_BOUND('',#459,.T.);
#77=PLANE('',#2649);
#78=PLANE('',#2704);
#79=PLANE('',#2707);
#80=PLANE('',#2710);
#81=PLANE('',#2713);
#82=PLANE('',#2714);
#83=PLANE('',#2717);
#84=PLANE('',#2720);
#85=PLANE('',#2724);
#86=PLANE('',#2734);
#87=PLANE('',#2741);
#88=PLANE('',#2748);
#89=PLANE('',#2758);
#90=PLANE('',#2762);
#91=PLANE('',#2766);
#92=PLANE('',#2776);
#93=PLANE('',#2783);
#94=PLANE('',#2790);
#95=PLANE('',#2800);
#96=PLANE('',#2808);
#97=PLANE('',#2813);
#98=PLANE('',#2818);
#99=PLANE('',#2825);
#100=PLANE('',#2828);
#101=PLANE('',#2831);
#102=PLANE('',#2834);
#103=PLANE('',#2847);
#104=PLANE('',#2850);
#105=PLANE('',#2852);
#106=PLANE('',#2854);
#107=PLANE('',#2858);
#108=PLANE('',#2859);
#109=PLANE('',#2861);
#110=PLANE('',#2867);
#111=PLANE('',#2872);
#112=PLANE('',#2877);
#113=PLANE('',#2884);
#114=PLANE('',#2887);
#115=PLANE('',#2890);
#116=PLANE('',#2895);
#117=PLANE('',#2898);
#118=PLANE('',#2901);
#119=PLANE('',#2905);
#120=PLANE('',#2909);
#121=PLANE('',#2912);
#122=PLANE('',#2915);
#123=PLANE('',#2923);
#124=PLANE('',#2929);
#125=PLANE('',#2935);
#126=PLANE('',#2941);
#127=PLANE('',#2947);
#128=PLANE('',#2949);
#129=PLANE('',#2952);
#130=PLANE('',#2957);
#131=FACE_OUTER_BOUND('',#293,.T.);
#132=FACE_OUTER_BOUND('',#294,.T.);
#133=FACE_OUTER_BOUND('',#304,.T.);
#134=FACE_OUTER_BOUND('',#305,.T.);
#135=FACE_OUTER_BOUND('',#306,.T.);
#136=FACE_OUTER_BOUND('',#307,.T.);
#137=FACE_OUTER_BOUND('',#308,.T.);
#138=FACE_OUTER_BOUND('',#309,.T.);
#139=FACE_OUTER_BOUND('',#310,.T.);
#140=FACE_OUTER_BOUND('',#311,.T.);
#141=FACE_OUTER_BOUND('',#312,.T.);
#142=FACE_OUTER_BOUND('',#313,.T.);
#143=FACE_OUTER_BOUND('',#314,.T.);
#144=FACE_OUTER_BOUND('',#315,.T.);
#145=FACE_OUTER_BOUND('',#316,.T.);
#146=FACE_OUTER_BOUND('',#317,.T.);
#147=FACE_OUTER_BOUND('',#318,.T.);
#148=FACE_OUTER_BOUND('',#319,.T.);
#149=FACE_OUTER_BOUND('',#320,.T.);
#150=FACE_OUTER_BOUND('',#321,.T.);
#151=FACE_OUTER_BOUND('',#322,.T.);
#152=FACE_OUTER_BOUND('',#323,.T.);
#153=FACE_OUTER_BOUND('',#324,.T.);
#154=FACE_OUTER_BOUND('',#325,.T.);
#155=FACE_OUTER_BOUND('',#326,.T.);
#156=FACE_OUTER_BOUND('',#327,.T.);
#157=FACE_OUTER_BOUND('',#328,.T.);
#158=FACE_OUTER_BOUND('',#329,.T.);
#159=FACE_OUTER_BOUND('',#330,.T.);
#160=FACE_OUTER_BOUND('',#331,.T.);
#161=FACE_OUTER_BOUND('',#332,.T.);
#162=FACE_OUTER_BOUND('',#333,.T.);
#163=FACE_OUTER_BOUND('',#334,.T.);
#164=FACE_OUTER_BOUND('',#335,.T.);
#165=FACE_OUTER_BOUND('',#336,.T.);
#166=FACE_OUTER_BOUND('',#337,.T.);
#167=FACE_OUTER_BOUND('',#338,.T.);
#168=FACE_OUTER_BOUND('',#339,.T.);
#169=FACE_OUTER_BOUND('',#340,.T.);
#170=FACE_OUTER_BOUND('',#341,.T.);
#171=FACE_OUTER_BOUND('',#342,.T.);
#172=FACE_OUTER_BOUND('',#343,.T.);
#173=FACE_OUTER_BOUND('',#344,.T.);
#174=FACE_OUTER_BOUND('',#345,.T.);
#175=FACE_OUTER_BOUND('',#346,.T.);
#176=FACE_OUTER_BOUND('',#347,.T.);
#177=FACE_OUTER_BOUND('',#348,.T.);
#178=FACE_OUTER_BOUND('',#349,.T.);
#179=FACE_OUTER_BOUND('',#350,.T.);
#180=FACE_OUTER_BOUND('',#351,.T.);
#181=FACE_OUTER_BOUND('',#352,.T.);
#182=FACE_OUTER_BOUND('',#353,.T.);
#183=FACE_OUTER_BOUND('',#354,.T.);
#184=FACE_OUTER_BOUND('',#355,.T.);
#185=FACE_OUTER_BOUND('',#356,.T.);
#186=FACE_OUTER_BOUND('',#357,.T.);
#187=FACE_OUTER_BOUND('',#358,.T.);
#188=FACE_OUTER_BOUND('',#359,.T.);
#189=FACE_OUTER_BOUND('',#360,.T.);
#190=FACE_OUTER_BOUND('',#361,.T.);
#191=FACE_OUTER_BOUND('',#362,.T.);
#192=FACE_OUTER_BOUND('',#363,.T.);
#193=FACE_OUTER_BOUND('',#364,.T.);
#194=FACE_OUTER_BOUND('',#365,.T.);
#195=FACE_OUTER_BOUND('',#366,.T.);
#196=FACE_OUTER_BOUND('',#367,.T.);
#197=FACE_OUTER_BOUND('',#368,.T.);
#198=FACE_OUTER_BOUND('',#369,.T.);
#199=FACE_OUTER_BOUND('',#370,.T.);
#200=FACE_OUTER_BOUND('',#371,.T.);
#201=FACE_OUTER_BOUND('',#372,.T.);
#202=FACE_OUTER_BOUND('',#373,.T.);
#203=FACE_OUTER_BOUND('',#374,.T.);
#204=FACE_OUTER_BOUND('',#375,.T.);
#205=FACE_OUTER_BOUND('',#376,.T.);
#206=FACE_OUTER_BOUND('',#377,.T.);
#207=FACE_OUTER_BOUND('',#387,.T.);
#208=FACE_OUTER_BOUND('',#388,.T.);
#209=FACE_OUTER_BOUND('',#389,.T.);
#210=FACE_OUTER_BOUND('',#390,.T.);
#211=FACE_OUTER_BOUND('',#391,.T.);
#212=FACE_OUTER_BOUND('',#392,.T.);
#213=FACE_OUTER_BOUND('',#393,.T.);
#214=FACE_OUTER_BOUND('',#394,.T.);
#215=FACE_OUTER_BOUND('',#395,.T.);
#216=FACE_OUTER_BOUND('',#396,.T.);
#217=FACE_OUTER_BOUND('',#397,.T.);
#218=FACE_OUTER_BOUND('',#398,.T.);
#219=FACE_OUTER_BOUND('',#399,.T.);
#220=FACE_OUTER_BOUND('',#400,.T.);
#221=FACE_OUTER_BOUND('',#401,.T.);
#222=FACE_OUTER_BOUND('',#402,.T.);
#223=FACE_OUTER_BOUND('',#403,.T.);
#224=FACE_OUTER_BOUND('',#404,.T.);
#225=FACE_OUTER_BOUND('',#405,.T.);
#226=FACE_OUTER_BOUND('',#406,.T.);
#227=FACE_OUTER_BOUND('',#407,.T.);
#228=FACE_OUTER_BOUND('',#408,.T.);
#229=FACE_OUTER_BOUND('',#409,.T.);
#230=FACE_OUTER_BOUND('',#410,.T.);
#231=FACE_OUTER_BOUND('',#411,.T.);
#232=FACE_OUTER_BOUND('',#412,.T.);
#233=FACE_OUTER_BOUND('',#413,.T.);
#234=FACE_OUTER_BOUND('',#414,.T.);
#235=FACE_OUTER_BOUND('',#415,.T.);
#236=FACE_OUTER_BOUND('',#416,.T.);
#237=FACE_OUTER_BOUND('',#417,.T.);
#238=FACE_OUTER_BOUND('',#418,.T.);
#239=FACE_OUTER_BOUND('',#419,.T.);
#240=FACE_OUTER_BOUND('',#420,.T.);
#241=FACE_OUTER_BOUND('',#421,.T.);
#242=FACE_OUTER_BOUND('',#422,.T.);
#243=FACE_OUTER_BOUND('',#423,.T.);
#244=FACE_OUTER_BOUND('',#424,.T.);
#245=FACE_OUTER_BOUND('',#425,.T.);
#246=FACE_OUTER_BOUND('',#426,.T.);
#247=FACE_OUTER_BOUND('',#427,.T.);
#248=FACE_OUTER_BOUND('',#428,.T.);
#249=FACE_OUTER_BOUND('',#429,.T.);
#250=FACE_OUTER_BOUND('',#430,.T.);
#251=FACE_OUTER_BOUND('',#431,.T.);
#252=FACE_OUTER_BOUND('',#432,.T.);
#253=FACE_OUTER_BOUND('',#433,.T.);
#254=FACE_OUTER_BOUND('',#434,.T.);
#255=FACE_OUTER_BOUND('',#435,.T.);
#256=FACE_OUTER_BOUND('',#436,.T.);
#257=FACE_OUTER_BOUND('',#437,.T.);
#258=FACE_OUTER_BOUND('',#438,.T.);
#259=FACE_OUTER_BOUND('',#439,.T.);
#260=FACE_OUTER_BOUND('',#440,.T.);
#261=FACE_OUTER_BOUND('',#441,.T.);
#262=FACE_OUTER_BOUND('',#442,.T.);
#263=FACE_OUTER_BOUND('',#443,.T.);
#264=FACE_OUTER_BOUND('',#444,.T.);
#265=FACE_OUTER_BOUND('',#445,.T.);
#266=FACE_OUTER_BOUND('',#446,.T.);
#267=FACE_OUTER_BOUND('',#448,.T.);
#268=FACE_OUTER_BOUND('',#449,.T.);
#269=FACE_OUTER_BOUND('',#450,.T.);
#270=FACE_OUTER_BOUND('',#452,.T.);
#271=FACE_OUTER_BOUND('',#453,.T.);
#272=FACE_OUTER_BOUND('',#454,.T.);
#273=FACE_OUTER_BOUND('',#456,.T.);
#274=FACE_OUTER_BOUND('',#457,.T.);
#275=FACE_OUTER_BOUND('',#458,.T.);
#276=FACE_OUTER_BOUND('',#460,.T.);
#277=FACE_OUTER_BOUND('',#461,.T.);
#278=FACE_OUTER_BOUND('',#462,.T.);
#279=FACE_OUTER_BOUND('',#463,.T.);
#280=FACE_OUTER_BOUND('',#464,.T.);
#281=FACE_OUTER_BOUND('',#465,.T.);
#282=FACE_OUTER_BOUND('',#466,.T.);
#283=FACE_OUTER_BOUND('',#467,.T.);
#284=FACE_OUTER_BOUND('',#468,.T.);
#285=FACE_OUTER_BOUND('',#469,.T.);
#286=FACE_OUTER_BOUND('',#470,.T.);
#287=FACE_OUTER_BOUND('',#471,.T.);
#288=FACE_OUTER_BOUND('',#472,.T.);
#289=FACE_OUTER_BOUND('',#473,.T.);
#290=FACE_OUTER_BOUND('',#474,.T.);
#291=FACE_OUTER_BOUND('',#475,.T.);
#292=FACE_OUTER_BOUND('',#476,.T.);
#293=EDGE_LOOP('',(#1657,#1658,#1659,#1660,#1661));
#294=EDGE_LOOP('',(#1662,#1663,#1664,#1665,#1666,#1667,#1668,#1669,#1670,
#1671,#1672,#1673,#1674,#1675,#1676,#1677,#1678,#1679,#1680,#1681,#1682,
#1683,#1684,#1685,#1686,#1687,#1688,#1689,#1690,#1691,#1692,#1693,#1694,
#1695,#1696,#1697));
#295=EDGE_LOOP('',(#1698));
#296=EDGE_LOOP('',(#1699));
#297=EDGE_LOOP('',(#1700));
#298=EDGE_LOOP('',(#1701));
#299=EDGE_LOOP('',(#1702));
#300=EDGE_LOOP('',(#1703));
#301=EDGE_LOOP('',(#1704,#1705,#1706,#1707,#1708,#1709,#1710,#1711));
#302=EDGE_LOOP('',(#1712));
#303=EDGE_LOOP('',(#1713));
#304=EDGE_LOOP('',(#1714,#1715,#1716,#1717,#1718));
#305=EDGE_LOOP('',(#1719,#1720,#1721,#1722,#1723));
#306=EDGE_LOOP('',(#1724,#1725,#1726,#1727,#1728));
#307=EDGE_LOOP('',(#1729,#1730,#1731,#1732,#1733));
#308=EDGE_LOOP('',(#1734,#1735,#1736,#1737,#1738));
#309=EDGE_LOOP('',(#1739,#1740,#1741,#1742,#1743));
#310=EDGE_LOOP('',(#1744,#1745,#1746,#1747,#1748));
#311=EDGE_LOOP('',(#1749,#1750,#1751,#1752));
#312=EDGE_LOOP('',(#1753,#1754,#1755,#1756));
#313=EDGE_LOOP('',(#1757,#1758,#1759,#1760));
#314=EDGE_LOOP('',(#1761,#1762,#1763,#1764));
#315=EDGE_LOOP('',(#1765,#1766,#1767,#1768));
#316=EDGE_LOOP('',(#1769,#1770,#1771,#1772));
#317=EDGE_LOOP('',(#1773,#1774,#1775,#1776));
#318=EDGE_LOOP('',(#1777,#1778,#1779,#1780));
#319=EDGE_LOOP('',(#1781,#1782,#1783,#1784));
#320=EDGE_LOOP('',(#1785,#1786,#1787,#1788));
#321=EDGE_LOOP('',(#1789,#1790,#1791,#1792));
#322=EDGE_LOOP('',(#1793,#1794,#1795,#1796));
#323=EDGE_LOOP('',(#1797,#1798,#1799,#1800));
#324=EDGE_LOOP('',(#1801,#1802,#1803,#1804));
#325=EDGE_LOOP('',(#1805,#1806,#1807,#1808));
#326=EDGE_LOOP('',(#1809,#1810,#1811,#1812));
#327=EDGE_LOOP('',(#1813,#1814,#1815,#1816));
#328=EDGE_LOOP('',(#1817,#1818,#1819,#1820));
#329=EDGE_LOOP('',(#1821,#1822,#1823,#1824));
#330=EDGE_LOOP('',(#1825,#1826,#1827,#1828));
#331=EDGE_LOOP('',(#1829,#1830,#1831,#1832));
#332=EDGE_LOOP('',(#1833,#1834,#1835,#1836));
#333=EDGE_LOOP('',(#1837,#1838,#1839,#1840));
#334=EDGE_LOOP('',(#1841,#1842,#1843,#1844));
#335=EDGE_LOOP('',(#1845,#1846,#1847,#1848));
#336=EDGE_LOOP('',(#1849,#1850,#1851,#1852));
#337=EDGE_LOOP('',(#1853,#1854,#1855,#1856));
#338=EDGE_LOOP('',(#1857,#1858,#1859,#1860));
#339=EDGE_LOOP('',(#1861,#1862,#1863,#1864));
#340=EDGE_LOOP('',(#1865,#1866,#1867,#1868));
#341=EDGE_LOOP('',(#1869,#1870,#1871,#1872));
#342=EDGE_LOOP('',(#1873,#1874,#1875,#1876));
#343=EDGE_LOOP('',(#1877,#1878,#1879,#1880));
#344=EDGE_LOOP('',(#1881,#1882,#1883,#1884));
#345=EDGE_LOOP('',(#1885,#1886,#1887,#1888));
#346=EDGE_LOOP('',(#1889,#1890,#1891,#1892));
#347=EDGE_LOOP('',(#1893,#1894,#1895,#1896));
#348=EDGE_LOOP('',(#1897,#1898,#1899,#1900));
#349=EDGE_LOOP('',(#1901,#1902,#1903,#1904));
#350=EDGE_LOOP('',(#1905,#1906,#1907,#1908));
#351=EDGE_LOOP('',(#1909,#1910,#1911,#1912));
#352=EDGE_LOOP('',(#1913,#1914,#1915,#1916));
#353=EDGE_LOOP('',(#1917,#1918,#1919,#1920));
#354=EDGE_LOOP('',(#1921,#1922,#1923,#1924));
#355=EDGE_LOOP('',(#1925,#1926,#1927,#1928));
#356=EDGE_LOOP('',(#1929,#1930,#1931,#1932));
#357=EDGE_LOOP('',(#1933,#1934,#1935,#1936));
#358=EDGE_LOOP('',(#1937,#1938,#1939,#1940));
#359=EDGE_LOOP('',(#1941,#1942,#1943,#1944));
#360=EDGE_LOOP('',(#1945,#1946,#1947,#1948));
#361=EDGE_LOOP('',(#1949,#1950,#1951,#1952));
#362=EDGE_LOOP('',(#1953,#1954,#1955,#1956));
#363=EDGE_LOOP('',(#1957,#1958,#1959,#1960));
#364=EDGE_LOOP('',(#1961,#1962,#1963,#1964));
#365=EDGE_LOOP('',(#1965,#1966,#1967,#1968));
#366=EDGE_LOOP('',(#1969,#1970,#1971,#1972));
#367=EDGE_LOOP('',(#1973,#1974,#1975,#1976));
#368=EDGE_LOOP('',(#1977,#1978,#1979,#1980));
#369=EDGE_LOOP('',(#1981,#1982,#1983,#1984));
#370=EDGE_LOOP('',(#1985,#1986,#1987,#1988));
#371=EDGE_LOOP('',(#1989,#1990,#1991,#1992));
#372=EDGE_LOOP('',(#1993,#1994,#1995,#1996));
#373=EDGE_LOOP('',(#1997,#1998,#1999,#2000));
#374=EDGE_LOOP('',(#2001,#2002,#2003,#2004));
#375=EDGE_LOOP('',(#2005,#2006,#2007,#2008));
#376=EDGE_LOOP('',(#2009,#2010,#2011,#2012));
#377=EDGE_LOOP('',(#2013,#2014,#2015,#2016,#2017,#2018,#2019,#2020,#2021,
#2022,#2023,#2024,#2025,#2026,#2027,#2028,#2029,#2030,#2031,#2032,#2033,
#2034,#2035,#2036,#2037,#2038,#2039,#2040,#2041,#2042,#2043,#2044,#2045,
#2046,#2047,#2048));
#378=EDGE_LOOP('',(#2049,#2050,#2051,#2052,#2053,#2054,#2055,#2056));
#379=EDGE_LOOP('',(#2057));
#380=EDGE_LOOP('',(#2058));
#381=EDGE_LOOP('',(#2059));
#382=EDGE_LOOP('',(#2060));
#383=EDGE_LOOP('',(#2061));
#384=EDGE_LOOP('',(#2062));
#385=EDGE_LOOP('',(#2063));
#386=EDGE_LOOP('',(#2064));
#387=EDGE_LOOP('',(#2065,#2066,#2067,#2068));
#388=EDGE_LOOP('',(#2069,#2070,#2071,#2072));
#389=EDGE_LOOP('',(#2073,#2074,#2075,#2076));
#390=EDGE_LOOP('',(#2077,#2078,#2079,#2080));
#391=EDGE_LOOP('',(#2081,#2082,#2083,#2084));
#392=EDGE_LOOP('',(#2085,#2086,#2087,#2088));
#393=EDGE_LOOP('',(#2089,#2090,#2091,#2092));
#394=EDGE_LOOP('',(#2093,#2094,#2095,#2096));
#395=EDGE_LOOP('',(#2097,#2098,#2099,#2100));
#396=EDGE_LOOP('',(#2101,#2102,#2103,#2104));
#397=EDGE_LOOP('',(#2105,#2106,#2107,#2108));
#398=EDGE_LOOP('',(#2109,#2110,#2111,#2112));
#399=EDGE_LOOP('',(#2113,#2114,#2115,#2116));
#400=EDGE_LOOP('',(#2117,#2118,#2119,#2120));
#401=EDGE_LOOP('',(#2121,#2122,#2123,#2124));
#402=EDGE_LOOP('',(#2125,#2126,#2127,#2128));
#403=EDGE_LOOP('',(#2129,#2130,#2131,#2132));
#404=EDGE_LOOP('',(#2133,#2134,#2135,#2136));
#405=EDGE_LOOP('',(#2137,#2138,#2139,#2140));
#406=EDGE_LOOP('',(#2141,#2142,#2143,#2144));
#407=EDGE_LOOP('',(#2145,#2146,#2147,#2148));
#408=EDGE_LOOP('',(#2149,#2150,#2151,#2152));
#409=EDGE_LOOP('',(#2153,#2154,#2155,#2156));
#410=EDGE_LOOP('',(#2157,#2158,#2159,#2160));
#411=EDGE_LOOP('',(#2161,#2162,#2163,#2164));
#412=EDGE_LOOP('',(#2165,#2166,#2167,#2168));
#413=EDGE_LOOP('',(#2169,#2170,#2171,#2172));
#414=EDGE_LOOP('',(#2173,#2174,#2175,#2176));
#415=EDGE_LOOP('',(#2177,#2178,#2179,#2180));
#416=EDGE_LOOP('',(#2181,#2182,#2183,#2184));
#417=EDGE_LOOP('',(#2185,#2186,#2187,#2188));
#418=EDGE_LOOP('',(#2189,#2190,#2191,#2192));
#419=EDGE_LOOP('',(#2193,#2194,#2195,#2196));
#420=EDGE_LOOP('',(#2197,#2198,#2199,#2200));
#421=EDGE_LOOP('',(#2201,#2202,#2203,#2204));
#422=EDGE_LOOP('',(#2205,#2206,#2207,#2208));
#423=EDGE_LOOP('',(#2209,#2210,#2211,#2212));
#424=EDGE_LOOP('',(#2213,#2214,#2215,#2216));
#425=EDGE_LOOP('',(#2217,#2218,#2219,#2220));
#426=EDGE_LOOP('',(#2221,#2222,#2223,#2224));
#427=EDGE_LOOP('',(#2225,#2226,#2227,#2228));
#428=EDGE_LOOP('',(#2229,#2230,#2231,#2232));
#429=EDGE_LOOP('',(#2233,#2234,#2235,#2236));
#430=EDGE_LOOP('',(#2237,#2238,#2239,#2240));
#431=EDGE_LOOP('',(#2241,#2242,#2243,#2244));
#432=EDGE_LOOP('',(#2245,#2246,#2247,#2248));
#433=EDGE_LOOP('',(#2249,#2250,#2251,#2252));
#434=EDGE_LOOP('',(#2253,#2254,#2255,#2256));
#435=EDGE_LOOP('',(#2257,#2258,#2259,#2260));
#436=EDGE_LOOP('',(#2261,#2262,#2263,#2264));
#437=EDGE_LOOP('',(#2265,#2266,#2267,#2268));
#438=EDGE_LOOP('',(#2269,#2270,#2271,#2272));
#439=EDGE_LOOP('',(#2273,#2274,#2275,#2276));
#440=EDGE_LOOP('',(#2277,#2278,#2279,#2280));
#441=EDGE_LOOP('',(#2281,#2282,#2283,#2284));
#442=EDGE_LOOP('',(#2285,#2286,#2287,#2288));
#443=EDGE_LOOP('',(#2289,#2290,#2291,#2292));
#444=EDGE_LOOP('',(#2293,#2294,#2295,#2296));
#445=EDGE_LOOP('',(#2297,#2298,#2299,#2300));
#446=EDGE_LOOP('',(#2301));
#447=EDGE_LOOP('',(#2302));
#448=EDGE_LOOP('',(#2303,#2304,#2305,#2306));
#449=EDGE_LOOP('',(#2307,#2308,#2309,#2310));
#450=EDGE_LOOP('',(#2311));
#451=EDGE_LOOP('',(#2312));
#452=EDGE_LOOP('',(#2313,#2314,#2315,#2316));
#453=EDGE_LOOP('',(#2317,#2318,#2319,#2320));
#454=EDGE_LOOP('',(#2321));
#455=EDGE_LOOP('',(#2322));
#456=EDGE_LOOP('',(#2323,#2324,#2325,#2326));
#457=EDGE_LOOP('',(#2327,#2328,#2329,#2330));
#458=EDGE_LOOP('',(#2331));
#459=EDGE_LOOP('',(#2332));
#460=EDGE_LOOP('',(#2333,#2334,#2335,#2336));
#461=EDGE_LOOP('',(#2337,#2338,#2339,#2340));
#462=EDGE_LOOP('',(#2341,#2342,#2343,#2344));
#463=EDGE_LOOP('',(#2345,#2346,#2347,#2348));
#464=EDGE_LOOP('',(#2349,#2350,#2351,#2352));
#465=EDGE_LOOP('',(#2353,#2354,#2355,#2356));
#466=EDGE_LOOP('',(#2357,#2358,#2359,#2360));
#467=EDGE_LOOP('',(#2361,#2362,#2363,#2364));
#468=EDGE_LOOP('',(#2365,#2366,#2367,#2368));
#469=EDGE_LOOP('',(#2369,#2370,#2371,#2372));
#470=EDGE_LOOP('',(#2373,#2374,#2375,#2376));
#471=EDGE_LOOP('',(#2377,#2378,#2379,#2380));
#472=EDGE_LOOP('',(#2381,#2382,#2383,#2384));
#473=EDGE_LOOP('',(#2385,#2386,#2387,#2388));
#474=EDGE_LOOP('',(#2389,#2390,#2391,#2392));
#475=EDGE_LOOP('',(#2393,#2394,#2395,#2396));
#476=EDGE_LOOP('',(#2397,#2398,#2399,#2400));
#477=LINE('',#3814,#697);
#478=LINE('',#3821,#698);
#479=LINE('',#3825,#699);
#480=LINE('',#3833,#700);
#481=LINE('',#3839,#701);
#482=LINE('',#3845,#702);
#483=LINE('',#3853,#703);
#484=LINE('',#3857,#704);
#485=LINE('',#3861,#705);
#486=LINE('',#3869,#706);
#487=LINE('',#3875,#707);
#488=LINE('',#3881,#708);
#489=LINE('',#3889,#709);
#490=LINE('',#3907,#710);
#491=LINE('',#3911,#711);
#492=LINE('',#3915,#712);
#493=LINE('',#3918,#713);
#494=LINE('',#3924,#714);
#495=LINE('',#3927,#715);
#496=LINE('',#3934,#716);
#497=LINE('',#3937,#717);
#498=LINE('',#3944,#718);
#499=LINE('',#3947,#719);
#500=LINE('',#3954,#720);
#501=LINE('',#3957,#721);
#502=LINE('',#3959,#722);
#503=LINE('',#3963,#723);
#504=LINE('',#3964,#724);
#505=LINE('',#3968,#725);
#506=LINE('',#3971,#726);
#507=LINE('',#3972,#727);
#508=LINE('',#3975,#728);
#509=LINE('',#3979,#729);
#510=LINE('',#3980,#730);
#511=LINE('',#3984,#731);
#512=LINE('',#3986,#732);
#513=LINE('',#3989,#733);
#514=LINE('',#3991,#734);
#515=LINE('',#3992,#735);
#516=LINE('',#3995,#736);
#517=LINE('',#3999,#737);
#518=LINE('',#4000,#738);
#519=LINE('',#4003,#739);
#520=LINE('',#4008,#740);
#521=LINE('',#4010,#741);
#522=LINE('',#4012,#742);
#523=LINE('',#4013,#743);
#524=LINE('',#4018,#744);
#525=LINE('',#4022,#745);
#526=LINE('',#4024,#746);
#527=LINE('',#4025,#747);
#528=LINE('',#4030,#748);
#529=LINE('',#4035,#749);
#530=LINE('',#4042,#750);
#531=LINE('',#4047,#751);
#532=LINE('',#4048,#752);
#533=LINE('',#4049,#753);
#534=LINE('',#4054,#754);
#535=LINE('',#4059,#755);
#536=LINE('',#4065,#756);
#537=LINE('',#4066,#757);
#538=LINE('',#4067,#758);
#539=LINE('',#4071,#759);
#540=LINE('',#4078,#760);
#541=LINE('',#4083,#761);
#542=LINE('',#4084,#762);
#543=LINE('',#4085,#763);
#544=LINE('',#4090,#764);
#545=LINE('',#4095,#765);
#546=LINE('',#4102,#766);
#547=LINE('',#4106,#767);
#548=LINE('',#4108,#768);
#549=LINE('',#4109,#769);
#550=LINE('',#4114,#770);
#551=LINE('',#4119,#771);
#552=LINE('',#4120,#772);
#553=LINE('',#4121,#773);
#554=LINE('',#4126,#774);
#555=LINE('',#4130,#775);
#556=LINE('',#4132,#776);
#557=LINE('',#4133,#777);
#558=LINE('',#4138,#778);
#559=LINE('',#4143,#779);
#560=LINE('',#4150,#780);
#561=LINE('',#4155,#781);
#562=LINE('',#4156,#782);
#563=LINE('',#4157,#783);
#564=LINE('',#4162,#784);
#565=LINE('',#4167,#785);
#566=LINE('',#4173,#786);
#567=LINE('',#4174,#787);
#568=LINE('',#4175,#788);
#569=LINE('',#4179,#789);
#570=LINE('',#4186,#790);
#571=LINE('',#4191,#791);
#572=LINE('',#4192,#792);
#573=LINE('',#4193,#793);
#574=LINE('',#4198,#794);
#575=LINE('',#4203,#795);
#576=LINE('',#4210,#796);
#577=LINE('',#4214,#797);
#578=LINE('',#4216,#798);
#579=LINE('',#4217,#799);
#580=LINE('',#4223,#800);
#581=LINE('',#4226,#801);
#582=LINE('',#4229,#802);
#583=LINE('',#4233,#803);
#584=LINE('',#4234,#804);
#585=LINE('',#4237,#805);
#586=LINE('',#4241,#806);
#587=LINE('',#4245,#807);
#588=LINE('',#4246,#808);
#589=LINE('',#4249,#809);
#590=LINE('',#4253,#810);
#591=LINE('',#4257,#811);
#592=LINE('',#4258,#812);
#593=LINE('',#4261,#813);
#594=LINE('',#4265,#814);
#595=LINE('',#4269,#815);
#596=LINE('',#4273,#816);
#597=LINE('',#4274,#817);
#598=LINE('',#4277,#818);
#599=LINE('',#4281,#819);
#600=LINE('',#4282,#820);
#601=LINE('',#4285,#821);
#602=LINE('',#4289,#822);
#603=LINE('',#4290,#823);
#604=LINE('',#4293,#824);
#605=LINE('',#4298,#825);
#606=LINE('',#4302,#826);
#607=LINE('',#4306,#827);
#608=LINE('',#4310,#828);
#609=LINE('',#4330,#829);
#610=LINE('',#4332,#830);
#611=LINE('',#4333,#831);
#612=LINE('',#4336,#832);
#613=LINE('',#4338,#833);
#614=LINE('',#4340,#834);
#615=LINE('',#4342,#835);
#616=LINE('',#4344,#836);
#617=LINE('',#4347,#837);
#618=LINE('',#4348,#838);
#619=LINE('',#4352,#839);
#620=LINE('',#4354,#840);
#621=LINE('',#4356,#841);
#622=LINE('',#4357,#842);
#623=LINE('',#4359,#843);
#624=LINE('',#4361,#844);
#625=LINE('',#4363,#845);
#626=LINE('',#4367,#846);
#627=LINE('',#4371,#847);
#628=LINE('',#4374,#848);
#629=LINE('',#4375,#849);
#630=LINE('',#4379,#850);
#631=LINE('',#4383,#851);
#632=LINE('',#4386,#852);
#633=LINE('',#4387,#853);
#634=LINE('',#4391,#854);
#635=LINE('',#4395,#855);
#636=LINE('',#4398,#856);
#637=LINE('',#4399,#857);
#638=LINE('',#4403,#858);
#639=LINE('',#4407,#859);
#640=LINE('',#4411,#860);
#641=LINE('',#4414,#861);
#642=LINE('',#4415,#862);
#643=LINE('',#4419,#863);
#644=LINE('',#4422,#864);
#645=LINE('',#4423,#865);
#646=LINE('',#4427,#866);
#647=LINE('',#4430,#867);
#648=LINE('',#4431,#868);
#649=LINE('',#4434,#869);
#650=LINE('',#4436,#870);
#651=LINE('',#4438,#871);
#652=LINE('',#4440,#872);
#653=LINE('',#4442,#873);
#654=LINE('',#4444,#874);
#655=LINE('',#4446,#875);
#656=LINE('',#4448,#876);
#657=LINE('',#4450,#877);
#658=LINE('',#4452,#878);
#659=LINE('',#4454,#879);
#660=LINE('',#4456,#880);
#661=LINE('',#4458,#881);
#662=LINE('',#4460,#882);
#663=LINE('',#4463,#883);
#664=LINE('',#4464,#884);
#665=LINE('',#4466,#885);
#666=LINE('',#4468,#886);
#667=LINE('',#4470,#887);
#668=LINE('',#4472,#888);
#669=LINE('',#4474,#889);
#670=LINE('',#4476,#890);
#671=LINE('',#4478,#891);
#672=LINE('',#4480,#892);
#673=LINE('',#4482,#893);
#674=LINE('',#4488,#894);
#675=LINE('',#4492,#895);
#676=LINE('',#4499,#896);
#677=LINE('',#4503,#897);
#678=LINE('',#4510,#898);
#679=LINE('',#4514,#899);
#680=LINE('',#4521,#900);
#681=LINE('',#4525,#901);
#682=LINE('',#4529,#902);
#683=LINE('',#4531,#903);
#684=LINE('',#4533,#904);
#685=LINE('',#4535,#905);
#686=LINE('',#4537,#906);
#687=LINE('',#4540,#907);
#688=LINE('',#4541,#908);
#689=LINE('',#4543,#909);
#690=LINE('',#4546,#910);
#691=LINE('',#4548,#911);
#692=LINE('',#4550,#912);
#693=LINE('',#4552,#913);
#694=LINE('',#4554,#914);
#695=LINE('',#4556,#915);
#696=LINE('',#4559,#916);
#697=VECTOR('',#2965,2.65);
#698=VECTOR('',#2972,10.);
#699=VECTOR('',#2975,10.);
#700=VECTOR('',#2982,10.);
#701=VECTOR('',#2987,10.);
#702=VECTOR('',#2992,10.);
#703=VECTOR('',#2999,10.);
#704=VECTOR('',#3002,10.);
#705=VECTOR('',#3005,10.);
#706=VECTOR('',#3012,10.);
#707=VECTOR('',#3017,10.);
#708=VECTOR('',#3022,10.);
#709=VECTOR('',#3029,10.);
#710=VECTOR('',#3046,10.);
#711=VECTOR('',#3049,10.);
#712=VECTOR('',#3052,10.);
#713=VECTOR('',#3055,10.);
#714=VECTOR('',#3062,2.4);
#715=VECTOR('',#3065,2.65);
#716=VECTOR('',#3074,2.4);
#717=VECTOR('',#3077,2.65);
#718=VECTOR('',#3086,2.4);
#719=VECTOR('',#3089,2.65);
#720=VECTOR('',#3098,2.4);
#721=VECTOR('',#3101,10.);
#722=VECTOR('',#3102,10.);
#723=VECTOR('',#3107,10.);
#724=VECTOR('',#3108,10.);
#725=VECTOR('',#3113,10.);
#726=VECTOR('',#3116,10.);
#727=VECTOR('',#3117,10.);
#728=VECTOR('',#3120,10.);
#729=VECTOR('',#3125,10.);
#730=VECTOR('',#3126,10.);
#731=VECTOR('',#3131,10.);
#732=VECTOR('',#3134,10.);
#733=VECTOR('',#3137,10.3);
#734=VECTOR('',#3138,10.);
#735=VECTOR('',#3139,10.3);
#736=VECTOR('',#3142,10.3);
#737=VECTOR('',#3147,10.3);
#738=VECTOR('',#3148,10.);
#739=VECTOR('',#3151,10.3);
#740=VECTOR('',#3156,10.);
#741=VECTOR('',#3157,10.);
#742=VECTOR('',#3158,10.);
#743=VECTOR('',#3159,10.);
#744=VECTOR('',#3164,10.);
#745=VECTOR('',#3169,10.);
#746=VECTOR('',#3170,10.);
#747=VECTOR('',#3171,10.);
#748=VECTOR('',#3176,10.);
#749=VECTOR('',#3181,10.);
#750=VECTOR('',#3190,10.);
#751=VECTOR('',#3195,10.);
#752=VECTOR('',#3196,10.);
#753=VECTOR('',#3197,10.);
#754=VECTOR('',#3202,10.);
#755=VECTOR('',#3207,10.);
#756=VECTOR('',#3214,10.);
#757=VECTOR('',#3215,10.);
#758=VECTOR('',#3216,10.);
#759=VECTOR('',#3219,10.);
#760=VECTOR('',#3228,10.);
#761=VECTOR('',#3233,10.);
#762=VECTOR('',#3234,10.);
#763=VECTOR('',#3235,10.);
#764=VECTOR('',#3240,10.);
#765=VECTOR('',#3245,10.);
#766=VECTOR('',#3254,10.);
#767=VECTOR('',#3259,10.);
#768=VECTOR('',#3260,10.);
#769=VECTOR('',#3261,10.);
#770=VECTOR('',#3266,10.);
#771=VECTOR('',#3271,10.);
#772=VECTOR('',#3272,10.);
#773=VECTOR('',#3273,10.);
#774=VECTOR('',#3278,10.);
#775=VECTOR('',#3283,10.);
#776=VECTOR('',#3284,10.);
#777=VECTOR('',#3285,10.);
#778=VECTOR('',#3290,10.);
#779=VECTOR('',#3295,10.);
#780=VECTOR('',#3304,10.);
#781=VECTOR('',#3309,10.);
#782=VECTOR('',#3310,10.);
#783=VECTOR('',#3311,10.);
#784=VECTOR('',#3316,10.);
#785=VECTOR('',#3321,10.);
#786=VECTOR('',#3328,10.);
#787=VECTOR('',#3329,10.);
#788=VECTOR('',#3330,10.);
#789=VECTOR('',#3333,10.);
#790=VECTOR('',#3342,10.);
#791=VECTOR('',#3347,10.);
#792=VECTOR('',#3348,10.);
#793=VECTOR('',#3349,10.);
#794=VECTOR('',#3354,10.);
#795=VECTOR('',#3359,10.);
#796=VECTOR('',#3368,10.);
#797=VECTOR('',#3373,10.);
#798=VECTOR('',#3374,10.);
#799=VECTOR('',#3375,10.);
#800=VECTOR('',#3384,10.);
#801=VECTOR('',#3387,10.);
#802=VECTOR('',#3390,10.);
#803=VECTOR('',#3395,10.);
#804=VECTOR('',#3396,10.);
#805=VECTOR('',#3399,10.);
#806=VECTOR('',#3404,10.);
#807=VECTOR('',#3409,10.);
#808=VECTOR('',#3410,10.);
#809=VECTOR('',#3413,10.);
#810=VECTOR('',#3418,10.);
#811=VECTOR('',#3423,10.);
#812=VECTOR('',#3424,10.);
#813=VECTOR('',#3427,10.);
#814=VECTOR('',#3432,10.);
#815=VECTOR('',#3437,10.);
#816=VECTOR('',#3442,10.);
#817=VECTOR('',#3443,10.);
#818=VECTOR('',#3446,10.);
#819=VECTOR('',#3451,10.);
#820=VECTOR('',#3452,10.);
#821=VECTOR('',#3455,10.);
#822=VECTOR('',#3460,10.);
#823=VECTOR('',#3461,10.);
#824=VECTOR('',#3464,10.);
#825=VECTOR('',#3469,10.);
#826=VECTOR('',#3472,10.);
#827=VECTOR('',#3475,10.);
#828=VECTOR('',#3478,10.);
#829=VECTOR('',#3499,10.);
#830=VECTOR('',#3500,10.);
#831=VECTOR('',#3501,10.);
#832=VECTOR('',#3506,10.);
#833=VECTOR('',#3509,10.);
#834=VECTOR('',#3512,10.);
#835=VECTOR('',#3515,10.);
#836=VECTOR('',#3518,10.);
#837=VECTOR('',#3521,10.);
#838=VECTOR('',#3522,10.);
#839=VECTOR('',#3529,10.3);
#840=VECTOR('',#3532,10.3);
#841=VECTOR('',#3535,10.);
#842=VECTOR('',#3536,10.);
#843=VECTOR('',#3539,10.);
#844=VECTOR('',#3542,10.);
#845=VECTOR('',#3545,10.);
#846=VECTOR('',#3550,10.);
#847=VECTOR('',#3555,10.);
#848=VECTOR('',#3558,10.);
#849=VECTOR('',#3559,10.);
#850=VECTOR('',#3564,10.);
#851=VECTOR('',#3569,10.);
#852=VECTOR('',#3572,10.);
#853=VECTOR('',#3573,10.);
#854=VECTOR('',#3578,10.);
#855=VECTOR('',#3583,10.);
#856=VECTOR('',#3586,10.);
#857=VECTOR('',#3587,10.);
#858=VECTOR('',#3592,10.);
#859=VECTOR('',#3597,10.);
#860=VECTOR('',#3602,10.);
#861=VECTOR('',#3605,10.);
#862=VECTOR('',#3606,10.);
#863=VECTOR('',#3611,10.);
#864=VECTOR('',#3614,10.);
#865=VECTOR('',#3615,10.);
#866=VECTOR('',#3620,10.);
#867=VECTOR('',#3623,10.);
#868=VECTOR('',#3624,10.);
#869=VECTOR('',#3629,10.);
#870=VECTOR('',#3632,10.);
#871=VECTOR('',#3635,10.);
#872=VECTOR('',#3638,10.);
#873=VECTOR('',#3641,10.);
#874=VECTOR('',#3644,10.);
#875=VECTOR('',#3647,10.);
#876=VECTOR('',#3650,10.);
#877=VECTOR('',#3653,10.);
#878=VECTOR('',#3656,10.);
#879=VECTOR('',#3659,10.);
#880=VECTOR('',#3662,10.);
#881=VECTOR('',#3665,10.);
#882=VECTOR('',#3668,10.);
#883=VECTOR('',#3673,10.);
#884=VECTOR('',#3674,10.);
#885=VECTOR('',#3677,10.);
#886=VECTOR('',#3680,10.);
#887=VECTOR('',#3683,10.);
#888=VECTOR('',#3686,10.);
#889=VECTOR('',#3689,10.);
#890=VECTOR('',#3692,10.);
#891=VECTOR('',#3695,10.);
#892=VECTOR('',#3698,10.);
#893=VECTOR('',#3701,10.);
#894=VECTOR('',#3708,3.65);
#895=VECTOR('',#3713,3.9);
#896=VECTOR('',#3722,3.65);
#897=VECTOR('',#3727,3.9);
#898=VECTOR('',#3736,3.65);
#899=VECTOR('',#3741,3.9);
#900=VECTOR('',#3750,3.65);
#901=VECTOR('',#3755,3.9);
#902=VECTOR('',#3762,4.15000000000019);
#903=VECTOR('',#3765,4.15000000000019);
#904=VECTOR('',#3768,4.15000000000019);
#905=VECTOR('',#3771,4.15000000000019);
#906=VECTOR('',#3774,10.3);
#907=VECTOR('',#3779,10.);
#908=VECTOR('',#3780,10.);
#909=VECTOR('',#3783,10.);
#910=VECTOR('',#3788,10.);
#911=VECTOR('',#3791,10.);
#912=VECTOR('',#3794,10.);
#913=VECTOR('',#3797,1.75);
#914=VECTOR('',#3800,1.75);
#915=VECTOR('',#3803,1.75);
#916=VECTOR('',#3808,1.75);
#917=CIRCLE('',#2646,2.9);
#918=CIRCLE('',#2647,2.4);
#919=CIRCLE('',#2648,2.4);
#920=CIRCLE('',#2650,4.50000000000001);
#921=CIRCLE('',#2651,4.5);
#922=CIRCLE('',#2652,3.);
#923=CIRCLE('',#2653,4.5);
#924=CIRCLE('',#2654,4.5);
#925=CIRCLE('',#2655,3.5);
#926=CIRCLE('',#2656,3.5);
#927=CIRCLE('',#2657,4.5);
#928=CIRCLE('',#2658,4.5);
#929=CIRCLE('',#2659,3.);
#930=CIRCLE('',#2660,4.5);
#931=CIRCLE('',#2661,4.50000000000001);
#932=CIRCLE('',#2662,4.5);
#933=CIRCLE('',#2663,4.5);
#934=CIRCLE('',#2664,3.);
#935=CIRCLE('',#2665,4.5);
#936=CIRCLE('',#2666,4.49999999999999);
#937=CIRCLE('',#2667,3.50000000000001);
#938=CIRCLE('',#2668,3.5);
#939=CIRCLE('',#2669,4.49999999999999);
#940=CIRCLE('',#2670,4.5);
#941=CIRCLE('',#2671,3.00000000000001);
#942=CIRCLE('',#2672,4.50000000000001);
#943=CIRCLE('',#2673,4.49999999999999);
#944=CIRCLE('',#2674,2.9);
#945=CIRCLE('',#2675,2.9);
#946=CIRCLE('',#2676,1.75);
#947=CIRCLE('',#2677,1.75);
#948=CIRCLE('',#2678,1.75);
#949=CIRCLE('',#2679,1.75);
#950=CIRCLE('',#2680,10.8);
#951=CIRCLE('',#2681,10.8);
#952=CIRCLE('',#2682,10.8);
#953=CIRCLE('',#2683,10.8);
#954=CIRCLE('',#2684,2.9);
#955=CIRCLE('',#2686,2.4);
#956=CIRCLE('',#2688,2.4);
#957=CIRCLE('',#2689,2.4);
#958=CIRCLE('',#2691,2.4);
#959=CIRCLE('',#2693,2.4);
#960=CIRCLE('',#2694,2.4);
#961=CIRCLE('',#2696,2.4);
#962=CIRCLE('',#2698,2.4);
#963=CIRCLE('',#2699,2.4);
#964=CIRCLE('',#2701,2.4);
#965=CIRCLE('',#2703,10.3);
#966=CIRCLE('',#2706,10.3);
#967=CIRCLE('',#2709,10.3);
#968=CIRCLE('',#2712,10.3);
#969=CIRCLE('',#2716,10.3);
#970=CIRCLE('',#2719,10.3);
#971=CIRCLE('',#2722,4.);
#972=CIRCLE('',#2723,4.50000000000001);
#973=CIRCLE('',#2726,4.);
#974=CIRCLE('',#2727,4.5);
#975=CIRCLE('',#2729,3.);
#976=CIRCLE('',#2730,3.50000000000001);
#977=CIRCLE('',#2732,4.);
#978=CIRCLE('',#2733,4.5);
#979=CIRCLE('',#2736,4.);
#980=CIRCLE('',#2737,4.49999999999999);
#981=CIRCLE('',#2739,3.50000000000001);
#982=CIRCLE('',#2740,4.);
#983=CIRCLE('',#2743,3.50000000000001);
#984=CIRCLE('',#2744,4.);
#985=CIRCLE('',#2746,4.);
#986=CIRCLE('',#2747,4.49999999999999);
#987=CIRCLE('',#2750,4.);
#988=CIRCLE('',#2751,4.5);
#989=CIRCLE('',#2753,3.);
#990=CIRCLE('',#2754,3.50000000000001);
#991=CIRCLE('',#2756,4.);
#992=CIRCLE('',#2757,4.5);
#993=CIRCLE('',#2760,4.);
#994=CIRCLE('',#2761,4.5);
#995=CIRCLE('',#2764,4.);
#996=CIRCLE('',#2765,4.5);
#997=CIRCLE('',#2768,4.);
#998=CIRCLE('',#2769,4.5);
#999=CIRCLE('',#2771,3.);
#1000=CIRCLE('',#2772,3.5);
#1001=CIRCLE('',#2774,4.);
#1002=CIRCLE('',#2775,4.5);
#1003=CIRCLE('',#2778,4.);
#1004=CIRCLE('',#2779,4.5);
#1005=CIRCLE('',#2781,3.5);
#1006=CIRCLE('',#2782,4.);
#1007=CIRCLE('',#2785,3.5);
#1008=CIRCLE('',#2786,4.);
#1009=CIRCLE('',#2788,4.);
#1010=CIRCLE('',#2789,4.5);
#1011=CIRCLE('',#2792,4.);
#1012=CIRCLE('',#2793,4.5);
#1013=CIRCLE('',#2795,3.);
#1014=CIRCLE('',#2796,3.5);
#1015=CIRCLE('',#2798,4.);
#1016=CIRCLE('',#2799,4.5);
#1017=CIRCLE('',#2802,4.);
#1018=CIRCLE('',#2803,4.5);
#1019=CIRCLE('',#2805,3.50000000000001);
#1020=CIRCLE('',#2807,4.);
#1021=CIRCLE('',#2810,4.);
#1022=CIRCLE('',#2812,4.);
#1023=CIRCLE('',#2815,4.);
#1024=CIRCLE('',#2817,4.);
#1025=CIRCLE('',#2820,4.);
#1026=CIRCLE('',#2822,3.50000000000001);
#1027=CIRCLE('',#2824,4.);
#1028=CIRCLE('',#2827,4.);
#1029=CIRCLE('',#2830,4.);
#1030=CIRCLE('',#2833,4.);
#1031=CIRCLE('',#2835,10.8);
#1032=CIRCLE('',#2836,10.8);
#1033=CIRCLE('',#2837,10.8);
#1034=CIRCLE('',#2838,10.8);
#1035=CIRCLE('',#2839,4.4);
#1036=CIRCLE('',#2840,4.40000000000001);
#1037=CIRCLE('',#2841,1.75);
#1038=CIRCLE('',#2842,1.75);
#1039=CIRCLE('',#2843,1.75);
#1040=CIRCLE('',#2844,1.75);
#1041=CIRCLE('',#2845,4.40000000000001);
#1042=CIRCLE('',#2846,4.4);
#1043=CIRCLE('',#2849,10.3);
#1044=CIRCLE('',#2856,10.3);
#1045=CIRCLE('',#2864,3.5);
#1046=CIRCLE('',#2866,4.);
#1047=CIRCLE('',#2869,4.);
#1048=CIRCLE('',#2871,4.);
#1049=CIRCLE('',#2874,4.);
#1050=CIRCLE('',#2876,4.);
#1051=CIRCLE('',#2879,4.);
#1052=CIRCLE('',#2881,3.5);
#1053=CIRCLE('',#2883,4.);
#1054=CIRCLE('',#2886,4.);
#1055=CIRCLE('',#2889,4.);
#1056=CIRCLE('',#2892,4.);
#1057=CIRCLE('',#2919,3.4);
#1058=CIRCLE('',#2920,3.9);
#1059=CIRCLE('',#2922,3.9);
#1060=CIRCLE('',#2925,3.4);
#1061=CIRCLE('',#2926,3.9);
#1062=CIRCLE('',#2928,3.9);
#1063=CIRCLE('',#2931,3.4);
#1064=CIRCLE('',#2932,3.9);
#1065=CIRCLE('',#2934,3.9);
#1066=CIRCLE('',#2937,3.4);
#1067=CIRCLE('',#2938,3.9);
#1068=CIRCLE('',#2940,3.9);
#1069=VERTEX_POINT('',#3811);
#1070=VERTEX_POINT('',#3813);
#1071=VERTEX_POINT('',#3815);
#1072=VERTEX_POINT('',#3819);
#1073=VERTEX_POINT('',#3820);
#1074=VERTEX_POINT('',#3822);
#1075=VERTEX_POINT('',#3824);
#1076=VERTEX_POINT('',#3826);
#1077=VERTEX_POINT('',#3828);
#1078=VERTEX_POINT('',#3830);
#1079=VERTEX_POINT('',#3832);
#1080=VERTEX_POINT('',#3834);
#1081=VERTEX_POINT('',#3836);
#1082=VERTEX_POINT('',#3838);
#1083=VERTEX_POINT('',#3840);
#1084=VERTEX_POINT('',#3842);
#1085=VERTEX_POINT('',#3844);
#1086=VERTEX_POINT('',#3846);
#1087=VERTEX_POINT('',#3848);
#1088=VERTEX_POINT('',#3850);
#1089=VERTEX_POINT('',#3852);
#1090=VERTEX_POINT('',#3854);
#1091=VERTEX_POINT('',#3856);
#1092=VERTEX_POINT('',#3858);
#1093=VERTEX_POINT('',#3860);
#1094=VERTEX_POINT('',#3862);
#1095=VERTEX_POINT('',#3864);
#1096=VERTEX_POINT('',#3866);
#1097=VERTEX_POINT('',#3868);
#1098=VERTEX_POINT('',#3870);
#1099=VERTEX_POINT('',#3872);
#1100=VERTEX_POINT('',#3874);
#1101=VERTEX_POINT('',#3876);
#1102=VERTEX_POINT('',#3878);
#1103=VERTEX_POINT('',#3880);
#1104=VERTEX_POINT('',#3882);
#1105=VERTEX_POINT('',#3884);
#1106=VERTEX_POINT('',#3886);
#1107=VERTEX_POINT('',#3888);
#1108=VERTEX_POINT('',#3891);
#1109=VERTEX_POINT('',#3893);
#1110=VERTEX_POINT('',#3895);
#1111=VERTEX_POINT('',#3897);
#1112=VERTEX_POINT('',#3899);
#1113=VERTEX_POINT('',#3901);
#1114=VERTEX_POINT('',#3903);
#1115=VERTEX_POINT('',#3904);
#1116=VERTEX_POINT('',#3906);
#1117=VERTEX_POINT('',#3908);
#1118=VERTEX_POINT('',#3910);
#1119=VERTEX_POINT('',#3912);
#1120=VERTEX_POINT('',#3914);
#1121=VERTEX_POINT('',#3916);
#1122=VERTEX_POINT('',#3919);
#1123=VERTEX_POINT('',#3922);
#1124=VERTEX_POINT('',#3926);
#1125=VERTEX_POINT('',#3928);
#1126=VERTEX_POINT('',#3932);
#1127=VERTEX_POINT('',#3936);
#1128=VERTEX_POINT('',#3938);
#1129=VERTEX_POINT('',#3942);
#1130=VERTEX_POINT('',#3946);
#1131=VERTEX_POINT('',#3948);
#1132=VERTEX_POINT('',#3952);
#1133=VERTEX_POINT('',#3956);
#1134=VERTEX_POINT('',#3958);
#1135=VERTEX_POINT('',#3962);
#1136=VERTEX_POINT('',#3966);
#1137=VERTEX_POINT('',#3970);
#1138=VERTEX_POINT('',#3974);
#1139=VERTEX_POINT('',#3978);
#1140=VERTEX_POINT('',#3982);
#1141=VERTEX_POINT('',#3988);
#1142=VERTEX_POINT('',#3990);
#1143=VERTEX_POINT('',#3994);
#1144=VERTEX_POINT('',#3998);
#1145=VERTEX_POINT('',#4002);
#1146=VERTEX_POINT('',#4006);
#1147=VERTEX_POINT('',#4007);
#1148=VERTEX_POINT('',#4009);
#1149=VERTEX_POINT('',#4011);
#1150=VERTEX_POINT('',#4015);
#1151=VERTEX_POINT('',#4017);
#1152=VERTEX_POINT('',#4021);
#1153=VERTEX_POINT('',#4023);
#1154=VERTEX_POINT('',#4027);
#1155=VERTEX_POINT('',#4029);
#1156=VERTEX_POINT('',#4033);
#1157=VERTEX_POINT('',#4034);
#1158=VERTEX_POINT('',#4039);
#1159=VERTEX_POINT('',#4041);
#1160=VERTEX_POINT('',#4045);
#1161=VERTEX_POINT('',#4046);
#1162=VERTEX_POINT('',#4051);
#1163=VERTEX_POINT('',#4053);
#1164=VERTEX_POINT('',#4057);
#1165=VERTEX_POINT('',#4058);
#1166=VERTEX_POINT('',#4063);
#1167=VERTEX_POINT('',#4064);
#1168=VERTEX_POINT('',#4069);
#1169=VERTEX_POINT('',#4070);
#1170=VERTEX_POINT('',#4075);
#1171=VERTEX_POINT('',#4077);
#1172=VERTEX_POINT('',#4081);
#1173=VERTEX_POINT('',#4082);
#1174=VERTEX_POINT('',#4087);
#1175=VERTEX_POINT('',#4089);
#1176=VERTEX_POINT('',#4093);
#1177=VERTEX_POINT('',#4094);
#1178=VERTEX_POINT('',#4099);
#1179=VERTEX_POINT('',#4101);
#1180=VERTEX_POINT('',#4105);
#1181=VERTEX_POINT('',#4107);
#1182=VERTEX_POINT('',#4111);
#1183=VERTEX_POINT('',#4113);
#1184=VERTEX_POINT('',#4117);
#1185=VERTEX_POINT('',#4118);
#1186=VERTEX_POINT('',#4123);
#1187=VERTEX_POINT('',#4125);
#1188=VERTEX_POINT('',#4129);
#1189=VERTEX_POINT('',#4131);
#1190=VERTEX_POINT('',#4135);
#1191=VERTEX_POINT('',#4137);
#1192=VERTEX_POINT('',#4141);
#1193=VERTEX_POINT('',#4142);
#1194=VERTEX_POINT('',#4147);
#1195=VERTEX_POINT('',#4149);
#1196=VERTEX_POINT('',#4153);
#1197=VERTEX_POINT('',#4154);
#1198=VERTEX_POINT('',#4159);
#1199=VERTEX_POINT('',#4161);
#1200=VERTEX_POINT('',#4165);
#1201=VERTEX_POINT('',#4166);
#1202=VERTEX_POINT('',#4171);
#1203=VERTEX_POINT('',#4172);
#1204=VERTEX_POINT('',#4177);
#1205=VERTEX_POINT('',#4178);
#1206=VERTEX_POINT('',#4183);
#1207=VERTEX_POINT('',#4185);
#1208=VERTEX_POINT('',#4189);
#1209=VERTEX_POINT('',#4190);
#1210=VERTEX_POINT('',#4195);
#1211=VERTEX_POINT('',#4197);
#1212=VERTEX_POINT('',#4201);
#1213=VERTEX_POINT('',#4202);
#1214=VERTEX_POINT('',#4207);
#1215=VERTEX_POINT('',#4209);
#1216=VERTEX_POINT('',#4213);
#1217=VERTEX_POINT('',#4215);
#1218=VERTEX_POINT('',#4222);
#1219=VERTEX_POINT('',#4224);
#1220=VERTEX_POINT('',#4228);
#1221=VERTEX_POINT('',#4232);
#1222=VERTEX_POINT('',#4236);
#1223=VERTEX_POINT('',#4240);
#1224=VERTEX_POINT('',#4244);
#1225=VERTEX_POINT('',#4248);
#1226=VERTEX_POINT('',#4252);
#1227=VERTEX_POINT('',#4256);
#1228=VERTEX_POINT('',#4260);
#1229=VERTEX_POINT('',#4264);
#1230=VERTEX_POINT('',#4268);
#1231=VERTEX_POINT('',#4272);
#1232=VERTEX_POINT('',#4276);
#1233=VERTEX_POINT('',#4280);
#1234=VERTEX_POINT('',#4284);
#1235=VERTEX_POINT('',#4288);
#1236=VERTEX_POINT('',#4292);
#1237=VERTEX_POINT('',#4296);
#1238=VERTEX_POINT('',#4297);
#1239=VERTEX_POINT('',#4299);
#1240=VERTEX_POINT('',#4301);
#1241=VERTEX_POINT('',#4303);
#1242=VERTEX_POINT('',#4305);
#1243=VERTEX_POINT('',#4307);
#1244=VERTEX_POINT('',#4309);
#1245=VERTEX_POINT('',#4312);
#1246=VERTEX_POINT('',#4314);
#1247=VERTEX_POINT('',#4316);
#1248=VERTEX_POINT('',#4318);
#1249=VERTEX_POINT('',#4320);
#1250=VERTEX_POINT('',#4322);
#1251=VERTEX_POINT('',#4324);
#1252=VERTEX_POINT('',#4326);
#1253=VERTEX_POINT('',#4329);
#1254=VERTEX_POINT('',#4331);
#1255=VERTEX_POINT('',#4346);
#1256=VERTEX_POINT('',#4365);
#1257=VERTEX_POINT('',#4369);
#1258=VERTEX_POINT('',#4373);
#1259=VERTEX_POINT('',#4377);
#1260=VERTEX_POINT('',#4381);
#1261=VERTEX_POINT('',#4385);
#1262=VERTEX_POINT('',#4389);
#1263=VERTEX_POINT('',#4393);
#1264=VERTEX_POINT('',#4397);
#1265=VERTEX_POINT('',#4401);
#1266=VERTEX_POINT('',#4405);
#1267=VERTEX_POINT('',#4409);
#1268=VERTEX_POINT('',#4413);
#1269=VERTEX_POINT('',#4417);
#1270=VERTEX_POINT('',#4421);
#1271=VERTEX_POINT('',#4425);
#1272=VERTEX_POINT('',#4429);
#1273=VERTEX_POINT('',#4485);
#1274=VERTEX_POINT('',#4487);
#1275=VERTEX_POINT('',#4491);
#1276=VERTEX_POINT('',#4496);
#1277=VERTEX_POINT('',#4498);
#1278=VERTEX_POINT('',#4502);
#1279=VERTEX_POINT('',#4507);
#1280=VERTEX_POINT('',#4509);
#1281=VERTEX_POINT('',#4513);
#1282=VERTEX_POINT('',#4518);
#1283=VERTEX_POINT('',#4520);
#1284=VERTEX_POINT('',#4524);
#1285=EDGE_CURVE('',#1069,#1069,#917,.T.);
#1286=EDGE_CURVE('',#1069,#1070,#477,.T.);
#1287=EDGE_CURVE('',#1070,#1071,#918,.T.);
#1288=EDGE_CURVE('',#1071,#1070,#919,.T.);
#1289=EDGE_CURVE('',#1072,#1073,#478,.T.);
#1290=EDGE_CURVE('',#1074,#1072,#920,.T.);
#1291=EDGE_CURVE('',#1075,#1074,#479,.T.);
#1292=EDGE_CURVE('',#1076,#1075,#921,.T.);
#1293=EDGE_CURVE('',#1077,#1076,#922,.T.);
#1294=EDGE_CURVE('',#1078,#1077,#923,.T.);
#1295=EDGE_CURVE('',#1079,#1078,#480,.T.);
#1296=EDGE_CURVE('',#1080,#1079,#924,.T.);
#1297=EDGE_CURVE('',#1081,#1080,#925,.T.);
#1298=EDGE_CURVE('',#1082,#1081,#481,.T.);
#1299=EDGE_CURVE('',#1083,#1082,#926,.T.);
#1300=EDGE_CURVE('',#1084,#1083,#927,.T.);
#1301=EDGE_CURVE('',#1085,#1084,#482,.T.);
#1302=EDGE_CURVE('',#1086,#1085,#928,.T.);
#1303=EDGE_CURVE('',#1087,#1086,#929,.T.);
#1304=EDGE_CURVE('',#1088,#1087,#930,.T.);
#1305=EDGE_CURVE('',#1089,#1088,#483,.T.);
#1306=EDGE_CURVE('',#1090,#1089,#931,.T.);
#1307=EDGE_CURVE('',#1091,#1090,#484,.T.);
#1308=EDGE_CURVE('',#1092,#1091,#932,.T.);
#1309=EDGE_CURVE('',#1093,#1092,#485,.T.);
#1310=EDGE_CURVE('',#1094,#1093,#933,.T.);
#1311=EDGE_CURVE('',#1095,#1094,#934,.T.);
#1312=EDGE_CURVE('',#1096,#1095,#935,.T.);
#1313=EDGE_CURVE('',#1097,#1096,#486,.T.);
#1314=EDGE_CURVE('',#1098,#1097,#936,.T.);
#1315=EDGE_CURVE('',#1099,#1098,#937,.T.);
#1316=EDGE_CURVE('',#1100,#1099,#487,.T.);
#1317=EDGE_CURVE('',#1101,#1100,#938,.T.);
#1318=EDGE_CURVE('',#1102,#1101,#939,.T.);
#1319=EDGE_CURVE('',#1103,#1102,#488,.T.);
#1320=EDGE_CURVE('',#1104,#1103,#940,.T.);
#1321=EDGE_CURVE('',#1105,#1104,#941,.T.);
#1322=EDGE_CURVE('',#1106,#1105,#942,.T.);
#1323=EDGE_CURVE('',#1107,#1106,#489,.T.);
#1324=EDGE_CURVE('',#1073,#1107,#943,.T.);
#1325=EDGE_CURVE('',#1108,#1108,#944,.T.);
#1326=EDGE_CURVE('',#1109,#1109,#945,.T.);
#1327=EDGE_CURVE('',#1110,#1110,#946,.T.);
#1328=EDGE_CURVE('',#1111,#1111,#947,.T.);
#1329=EDGE_CURVE('',#1112,#1112,#948,.T.);
#1330=EDGE_CURVE('',#1113,#1113,#949,.T.);
#1331=EDGE_CURVE('',#1114,#1115,#950,.T.);
#1332=EDGE_CURVE('',#1116,#1114,#490,.T.);
#1333=EDGE_CURVE('',#1117,#1116,#951,.T.);
#1334=EDGE_CURVE('',#1118,#1117,#491,.T.);
#1335=EDGE_CURVE('',#1119,#1118,#952,.T.);
#1336=EDGE_CURVE('',#1120,#1119,#492,.T.);
#1337=EDGE_CURVE('',#1121,#1120,#953,.T.);
#1338=EDGE_CURVE('',#1115,#1121,#493,.T.);
#1339=EDGE_CURVE('',#1122,#1122,#954,.T.);
#1340=EDGE_CURVE('',#1123,#1123,#955,.T.);
#1341=EDGE_CURVE('',#1123,#1071,#494,.T.);
#1342=EDGE_CURVE('',#1108,#1124,#495,.T.);
#1343=EDGE_CURVE('',#1124,#1125,#956,.T.);
#1344=EDGE_CURVE('',#1125,#1124,#957,.T.);
#1345=EDGE_CURVE('',#1126,#1126,#958,.T.);
#1346=EDGE_CURVE('',#1126,#1125,#496,.T.);
#1347=EDGE_CURVE('',#1122,#1127,#497,.T.);
#1348=EDGE_CURVE('',#1127,#1128,#959,.T.);
#1349=EDGE_CURVE('',#1128,#1127,#960,.T.);
#1350=EDGE_CURVE('',#1129,#1129,#961,.T.);
#1351=EDGE_CURVE('',#1129,#1128,#498,.T.);
#1352=EDGE_CURVE('',#1109,#1130,#499,.T.);
#1353=EDGE_CURVE('',#1130,#1131,#962,.T.);
#1354=EDGE_CURVE('',#1131,#1130,#963,.T.);
#1355=EDGE_CURVE('',#1132,#1132,#964,.T.);
#1356=EDGE_CURVE('',#1132,#1131,#500,.T.);
#1357=EDGE_CURVE('',#1133,#1114,#501,.T.);
#1358=EDGE_CURVE('',#1115,#1134,#502,.T.);
#1359=EDGE_CURVE('',#1134,#1133,#965,.T.);
#1360=EDGE_CURVE('',#1135,#1116,#503,.T.);
#1361=EDGE_CURVE('',#1133,#1135,#504,.T.);
#1362=EDGE_CURVE('',#1135,#1136,#966,.T.);
#1363=EDGE_CURVE('',#1136,#1117,#505,.T.);
#1364=EDGE_CURVE('',#1137,#1118,#506,.T.);
#1365=EDGE_CURVE('',#1136,#1137,#507,.T.);
#1366=EDGE_CURVE('',#1138,#1119,#508,.T.);
#1367=EDGE_CURVE('',#1137,#1138,#967,.T.);
#1368=EDGE_CURVE('',#1139,#1120,#509,.T.);
#1369=EDGE_CURVE('',#1138,#1139,#510,.T.);
#1370=EDGE_CURVE('',#1139,#1140,#968,.T.);
#1371=EDGE_CURVE('',#1140,#1121,#511,.T.);
#1372=EDGE_CURVE('',#1140,#1134,#512,.T.);
#1373=EDGE_CURVE('',#1141,#1136,#513,.T.);
#1374=EDGE_CURVE('',#1142,#1141,#514,.T.);
#1375=EDGE_CURVE('',#1137,#1142,#515,.T.);
#1376=EDGE_CURVE('',#1135,#1143,#516,.T.);
#1377=EDGE_CURVE('',#1141,#1143,#969,.T.);
#1378=EDGE_CURVE('',#1144,#1133,#517,.T.);
#1379=EDGE_CURVE('',#1143,#1144,#518,.T.);
#1380=EDGE_CURVE('',#1134,#1145,#519,.T.);
#1381=EDGE_CURVE('',#1144,#1145,#970,.T.);
#1382=EDGE_CURVE('',#1146,#1147,#520,.T.);
#1383=EDGE_CURVE('',#1147,#1148,#521,.T.);
#1384=EDGE_CURVE('',#1148,#1149,#522,.T.);
#1385=EDGE_CURVE('',#1149,#1146,#523,.T.);
#1386=EDGE_CURVE('',#1146,#1150,#971,.T.);
#1387=EDGE_CURVE('',#1150,#1151,#524,.T.);
#1388=EDGE_CURVE('',#1151,#1147,#972,.T.);
#1389=EDGE_CURVE('',#1150,#1152,#525,.T.);
#1390=EDGE_CURVE('',#1152,#1153,#526,.T.);
#1391=EDGE_CURVE('',#1153,#1151,#527,.T.);
#1392=EDGE_CURVE('',#1152,#1154,#973,.T.);
#1393=EDGE_CURVE('',#1154,#1155,#528,.T.);
#1394=EDGE_CURVE('',#1155,#1153,#974,.T.);
#1395=EDGE_CURVE('',#1156,#1157,#529,.T.);
#1396=EDGE_CURVE('',#1157,#1155,#975,.T.);
#1397=EDGE_CURVE('',#1154,#1156,#976,.T.);
#1398=EDGE_CURVE('',#1156,#1158,#977,.T.);
#1399=EDGE_CURVE('',#1158,#1159,#530,.T.);
#1400=EDGE_CURVE('',#1159,#1157,#978,.T.);
#1401=EDGE_CURVE('',#1160,#1161,#531,.T.);
#1402=EDGE_CURVE('',#1161,#1159,#532,.T.);
#1403=EDGE_CURVE('',#1158,#1160,#533,.T.);
#1404=EDGE_CURVE('',#1160,#1162,#979,.T.);
#1405=EDGE_CURVE('',#1162,#1163,#534,.T.);
#1406=EDGE_CURVE('',#1163,#1161,#980,.T.);
#1407=EDGE_CURVE('',#1164,#1165,#535,.T.);
#1408=EDGE_CURVE('',#1165,#1163,#981,.T.);
#1409=EDGE_CURVE('',#1162,#1164,#982,.T.);
#1410=EDGE_CURVE('',#1166,#1167,#536,.T.);
#1411=EDGE_CURVE('',#1167,#1165,#537,.T.);
#1412=EDGE_CURVE('',#1164,#1166,#538,.T.);
#1413=EDGE_CURVE('',#1168,#1169,#539,.T.);
#1414=EDGE_CURVE('',#1169,#1167,#983,.T.);
#1415=EDGE_CURVE('',#1166,#1168,#984,.T.);
#1416=EDGE_CURVE('',#1168,#1170,#985,.T.);
#1417=EDGE_CURVE('',#1170,#1171,#540,.T.);
#1418=EDGE_CURVE('',#1171,#1169,#986,.T.);
#1419=EDGE_CURVE('',#1172,#1173,#541,.T.);
#1420=EDGE_CURVE('',#1173,#1171,#542,.T.);
#1421=EDGE_CURVE('',#1170,#1172,#543,.T.);
#1422=EDGE_CURVE('',#1172,#1174,#987,.T.);
#1423=EDGE_CURVE('',#1174,#1175,#544,.T.);
#1424=EDGE_CURVE('',#1175,#1173,#988,.T.);
#1425=EDGE_CURVE('',#1176,#1177,#545,.T.);
#1426=EDGE_CURVE('',#1177,#1175,#989,.T.);
#1427=EDGE_CURVE('',#1174,#1176,#990,.T.);
#1428=EDGE_CURVE('',#1176,#1178,#991,.T.);
#1429=EDGE_CURVE('',#1178,#1179,#546,.T.);
#1430=EDGE_CURVE('',#1179,#1177,#992,.T.);
#1431=EDGE_CURVE('',#1178,#1180,#547,.T.);
#1432=EDGE_CURVE('',#1180,#1181,#548,.T.);
#1433=EDGE_CURVE('',#1181,#1179,#549,.T.);
#1434=EDGE_CURVE('',#1180,#1182,#993,.T.);
#1435=EDGE_CURVE('',#1182,#1183,#550,.T.);
#1436=EDGE_CURVE('',#1183,#1181,#994,.T.);
#1437=EDGE_CURVE('',#1184,#1185,#551,.T.);
#1438=EDGE_CURVE('',#1185,#1183,#552,.T.);
#1439=EDGE_CURVE('',#1182,#1184,#553,.T.);
#1440=EDGE_CURVE('',#1184,#1186,#995,.T.);
#1441=EDGE_CURVE('',#1186,#1187,#554,.T.);
#1442=EDGE_CURVE('',#1187,#1185,#996,.T.);
#1443=EDGE_CURVE('',#1186,#1188,#555,.T.);
#1444=EDGE_CURVE('',#1188,#1189,#556,.T.);
#1445=EDGE_CURVE('',#1189,#1187,#557,.T.);
#1446=EDGE_CURVE('',#1188,#1190,#997,.T.);
#1447=EDGE_CURVE('',#1190,#1191,#558,.T.);
#1448=EDGE_CURVE('',#1191,#1189,#998,.T.);
#1449=EDGE_CURVE('',#1192,#1193,#559,.T.);
#1450=EDGE_CURVE('',#1193,#1191,#999,.T.);
#1451=EDGE_CURVE('',#1190,#1192,#1000,.T.);
#1452=EDGE_CURVE('',#1192,#1194,#1001,.T.);
#1453=EDGE_CURVE('',#1194,#1195,#560,.T.);
#1454=EDGE_CURVE('',#1195,#1193,#1002,.T.);
#1455=EDGE_CURVE('',#1196,#1197,#561,.T.);
#1456=EDGE_CURVE('',#1197,#1195,#562,.T.);
#1457=EDGE_CURVE('',#1194,#1196,#563,.T.);
#1458=EDGE_CURVE('',#1196,#1198,#1003,.T.);
#1459=EDGE_CURVE('',#1198,#1199,#564,.T.);
#1460=EDGE_CURVE('',#1199,#1197,#1004,.T.);
#1461=EDGE_CURVE('',#1200,#1201,#565,.T.);
#1462=EDGE_CURVE('',#1201,#1199,#1005,.T.);
#1463=EDGE_CURVE('',#1198,#1200,#1006,.T.);
#1464=EDGE_CURVE('',#1202,#1203,#566,.T.);
#1465=EDGE_CURVE('',#1203,#1201,#567,.T.);
#1466=EDGE_CURVE('',#1200,#1202,#568,.T.);
#1467=EDGE_CURVE('',#1204,#1205,#569,.T.);
#1468=EDGE_CURVE('',#1205,#1203,#1007,.T.);
#1469=EDGE_CURVE('',#1202,#1204,#1008,.T.);
#1470=EDGE_CURVE('',#1204,#1206,#1009,.T.);
#1471=EDGE_CURVE('',#1206,#1207,#570,.T.);
#1472=EDGE_CURVE('',#1207,#1205,#1010,.T.);
#1473=EDGE_CURVE('',#1208,#1209,#571,.T.);
#1474=EDGE_CURVE('',#1209,#1207,#572,.T.);
#1475=EDGE_CURVE('',#1206,#1208,#573,.T.);
#1476=EDGE_CURVE('',#1208,#1210,#1011,.T.);
#1477=EDGE_CURVE('',#1210,#1211,#574,.T.);
#1478=EDGE_CURVE('',#1211,#1209,#1012,.T.);
#1479=EDGE_CURVE('',#1212,#1213,#575,.T.);
#1480=EDGE_CURVE('',#1213,#1211,#1013,.T.);
#1481=EDGE_CURVE('',#1210,#1212,#1014,.T.);
#1482=EDGE_CURVE('',#1212,#1214,#1015,.T.);
#1483=EDGE_CURVE('',#1214,#1215,#576,.T.);
#1484=EDGE_CURVE('',#1215,#1213,#1016,.T.);
#1485=EDGE_CURVE('',#1214,#1216,#577,.T.);
#1486=EDGE_CURVE('',#1216,#1217,#578,.T.);
#1487=EDGE_CURVE('',#1217,#1215,#579,.T.);
#1488=EDGE_CURVE('',#1216,#1149,#1017,.T.);
#1489=EDGE_CURVE('',#1148,#1217,#1018,.T.);
#1490=EDGE_CURVE('',#1218,#1174,#580,.T.);
#1491=EDGE_CURVE('',#1219,#1218,#1019,.T.);
#1492=EDGE_CURVE('',#1176,#1219,#581,.T.);
#1493=EDGE_CURVE('',#1172,#1220,#582,.T.);
#1494=EDGE_CURVE('',#1218,#1220,#1020,.T.);
#1495=EDGE_CURVE('',#1221,#1170,#583,.T.);
#1496=EDGE_CURVE('',#1220,#1221,#584,.T.);
#1497=EDGE_CURVE('',#1168,#1222,#585,.T.);
#1498=EDGE_CURVE('',#1221,#1222,#1021,.T.);
#1499=EDGE_CURVE('',#1223,#1166,#586,.T.);
#1500=EDGE_CURVE('',#1222,#1223,#1022,.T.);
#1501=EDGE_CURVE('',#1224,#1164,#587,.T.);
#1502=EDGE_CURVE('',#1223,#1224,#588,.T.);
#1503=EDGE_CURVE('',#1225,#1162,#589,.T.);
#1504=EDGE_CURVE('',#1224,#1225,#1023,.T.);
#1505=EDGE_CURVE('',#1160,#1226,#590,.T.);
#1506=EDGE_CURVE('',#1225,#1226,#1024,.T.);
#1507=EDGE_CURVE('',#1227,#1158,#591,.T.);
#1508=EDGE_CURVE('',#1226,#1227,#592,.T.);
#1509=EDGE_CURVE('',#1156,#1228,#593,.T.);
#1510=EDGE_CURVE('',#1227,#1228,#1025,.T.);
#1511=EDGE_CURVE('',#1229,#1154,#594,.T.);
#1512=EDGE_CURVE('',#1228,#1229,#1026,.T.);
#1513=EDGE_CURVE('',#1152,#1230,#595,.T.);
#1514=EDGE_CURVE('',#1229,#1230,#1027,.T.);
#1515=EDGE_CURVE('',#1231,#1150,#596,.T.);
#1516=EDGE_CURVE('',#1230,#1231,#597,.T.);
#1517=EDGE_CURVE('',#1146,#1232,#598,.T.);
#1518=EDGE_CURVE('',#1231,#1232,#1028,.T.);
#1519=EDGE_CURVE('',#1233,#1149,#599,.T.);
#1520=EDGE_CURVE('',#1232,#1233,#600,.T.);
#1521=EDGE_CURVE('',#1216,#1234,#601,.T.);
#1522=EDGE_CURVE('',#1233,#1234,#1029,.T.);
#1523=EDGE_CURVE('',#1235,#1214,#602,.T.);
#1524=EDGE_CURVE('',#1234,#1235,#603,.T.);
#1525=EDGE_CURVE('',#1212,#1236,#604,.T.);
#1526=EDGE_CURVE('',#1235,#1236,#1030,.T.);
#1527=EDGE_CURVE('',#1237,#1238,#605,.T.);
#1528=EDGE_CURVE('',#1239,#1237,#1031,.T.);
#1529=EDGE_CURVE('',#1240,#1239,#606,.T.);
#1530=EDGE_CURVE('',#1241,#1240,#1032,.T.);
#1531=EDGE_CURVE('',#1242,#1241,#607,.T.);
#1532=EDGE_CURVE('',#1243,#1242,#1033,.T.);
#1533=EDGE_CURVE('',#1244,#1243,#608,.T.);
#1534=EDGE_CURVE('',#1238,#1244,#1034,.T.);
#1535=EDGE_CURVE('',#1245,#1245,#1035,.T.);
#1536=EDGE_CURVE('',#1246,#1246,#1036,.T.);
#1537=EDGE_CURVE('',#1247,#1247,#1037,.T.);
#1538=EDGE_CURVE('',#1248,#1248,#1038,.T.);
#1539=EDGE_CURVE('',#1249,#1249,#1039,.T.);
#1540=EDGE_CURVE('',#1250,#1250,#1040,.T.);
#1541=EDGE_CURVE('',#1251,#1251,#1041,.T.);
#1542=EDGE_CURVE('',#1252,#1252,#1042,.T.);
#1543=EDGE_CURVE('',#1253,#1237,#609,.T.);
#1544=EDGE_CURVE('',#1238,#1254,#610,.T.);
#1545=EDGE_CURVE('',#1254,#1253,#611,.T.);
#1546=EDGE_CURVE('',#1253,#1142,#1043,.T.);
#1547=EDGE_CURVE('',#1142,#1239,#612,.T.);
#1548=EDGE_CURVE('',#1141,#1240,#613,.T.);
#1549=EDGE_CURVE('',#1143,#1241,#614,.T.);
#1550=EDGE_CURVE('',#1144,#1242,#615,.T.);
#1551=EDGE_CURVE('',#1145,#1243,#616,.T.);
#1552=EDGE_CURVE('',#1255,#1244,#617,.T.);
#1553=EDGE_CURVE('',#1145,#1255,#618,.T.);
#1554=EDGE_CURVE('',#1255,#1254,#1044,.T.);
#1555=EDGE_CURVE('',#1253,#1138,#619,.T.);
#1556=EDGE_CURVE('',#1139,#1254,#620,.T.);
#1557=EDGE_CURVE('',#1233,#1072,#621,.T.);
#1558=EDGE_CURVE('',#1073,#1232,#622,.T.);
#1559=EDGE_CURVE('',#1234,#1074,#623,.T.);
#1560=EDGE_CURVE('',#1235,#1075,#624,.T.);
#1561=EDGE_CURVE('',#1236,#1076,#625,.T.);
#1562=EDGE_CURVE('',#1236,#1256,#1045,.T.);
#1563=EDGE_CURVE('',#1256,#1077,#626,.T.);
#1564=EDGE_CURVE('',#1256,#1257,#1046,.T.);
#1565=EDGE_CURVE('',#1257,#1078,#627,.T.);
#1566=EDGE_CURVE('',#1257,#1258,#628,.T.);
#1567=EDGE_CURVE('',#1258,#1079,#629,.T.);
#1568=EDGE_CURVE('',#1258,#1259,#1047,.T.);
#1569=EDGE_CURVE('',#1259,#1080,#630,.T.);
#1570=EDGE_CURVE('',#1259,#1260,#1048,.T.);
#1571=EDGE_CURVE('',#1260,#1081,#631,.T.);
#1572=EDGE_CURVE('',#1261,#1082,#632,.T.);
#1573=EDGE_CURVE('',#1260,#1261,#633,.T.);
#1574=EDGE_CURVE('',#1261,#1262,#1049,.T.);
#1575=EDGE_CURVE('',#1262,#1083,#634,.T.);
#1576=EDGE_CURVE('',#1262,#1263,#1050,.T.);
#1577=EDGE_CURVE('',#1263,#1084,#635,.T.);
#1578=EDGE_CURVE('',#1263,#1264,#636,.T.);
#1579=EDGE_CURVE('',#1264,#1085,#637,.T.);
#1580=EDGE_CURVE('',#1264,#1265,#1051,.T.);
#1581=EDGE_CURVE('',#1265,#1086,#638,.T.);
#1582=EDGE_CURVE('',#1265,#1266,#1052,.T.);
#1583=EDGE_CURVE('',#1266,#1087,#639,.T.);
#1584=EDGE_CURVE('',#1266,#1267,#1053,.T.);
#1585=EDGE_CURVE('',#1267,#1088,#640,.T.);
#1586=EDGE_CURVE('',#1267,#1268,#641,.T.);
#1587=EDGE_CURVE('',#1268,#1089,#642,.T.);
#1588=EDGE_CURVE('',#1268,#1269,#1054,.T.);
#1589=EDGE_CURVE('',#1269,#1090,#643,.T.);
#1590=EDGE_CURVE('',#1270,#1091,#644,.T.);
#1591=EDGE_CURVE('',#1269,#1270,#645,.T.);
#1592=EDGE_CURVE('',#1270,#1271,#1055,.T.);
#1593=EDGE_CURVE('',#1271,#1092,#646,.T.);
#1594=EDGE_CURVE('',#1271,#1272,#647,.T.);
#1595=EDGE_CURVE('',#1272,#1093,#648,.T.);
#1596=EDGE_CURVE('',#1272,#1219,#1056,.T.);
#1597=EDGE_CURVE('',#1219,#1094,#649,.T.);
#1598=EDGE_CURVE('',#1218,#1095,#650,.T.);
#1599=EDGE_CURVE('',#1220,#1096,#651,.T.);
#1600=EDGE_CURVE('',#1221,#1097,#652,.T.);
#1601=EDGE_CURVE('',#1222,#1098,#653,.T.);
#1602=EDGE_CURVE('',#1223,#1099,#654,.T.);
#1603=EDGE_CURVE('',#1224,#1100,#655,.T.);
#1604=EDGE_CURVE('',#1225,#1101,#656,.T.);
#1605=EDGE_CURVE('',#1226,#1102,#657,.T.);
#1606=EDGE_CURVE('',#1227,#1103,#658,.T.);
#1607=EDGE_CURVE('',#1228,#1104,#659,.T.);
#1608=EDGE_CURVE('',#1229,#1105,#660,.T.);
#1609=EDGE_CURVE('',#1230,#1106,#661,.T.);
#1610=EDGE_CURVE('',#1231,#1107,#662,.T.);
#1611=EDGE_CURVE('',#1266,#1190,#663,.T.);
#1612=EDGE_CURVE('',#1192,#1265,#664,.T.);
#1613=EDGE_CURVE('',#1264,#1194,#665,.T.);
#1614=EDGE_CURVE('',#1196,#1263,#666,.T.);
#1615=EDGE_CURVE('',#1262,#1198,#667,.T.);
#1616=EDGE_CURVE('',#1261,#1200,#668,.T.);
#1617=EDGE_CURVE('',#1260,#1202,#669,.T.);
#1618=EDGE_CURVE('',#1204,#1259,#670,.T.);
#1619=EDGE_CURVE('',#1258,#1206,#671,.T.);
#1620=EDGE_CURVE('',#1208,#1257,#672,.T.);
#1621=EDGE_CURVE('',#1256,#1210,#673,.T.);
#1622=EDGE_CURVE('',#1273,#1273,#1057,.T.);
#1623=EDGE_CURVE('',#1273,#1274,#674,.T.);
#1624=EDGE_CURVE('',#1274,#1274,#1058,.T.);
#1625=EDGE_CURVE('',#1274,#1275,#675,.T.);
#1626=EDGE_CURVE('',#1275,#1275,#1059,.T.);
#1627=EDGE_CURVE('',#1276,#1276,#1060,.T.);
#1628=EDGE_CURVE('',#1276,#1277,#676,.T.);
#1629=EDGE_CURVE('',#1277,#1277,#1061,.T.);
#1630=EDGE_CURVE('',#1277,#1278,#677,.T.);
#1631=EDGE_CURVE('',#1278,#1278,#1062,.T.);
#1632=EDGE_CURVE('',#1279,#1279,#1063,.T.);
#1633=EDGE_CURVE('',#1279,#1280,#678,.T.);
#1634=EDGE_CURVE('',#1280,#1280,#1064,.T.);
#1635=EDGE_CURVE('',#1280,#1281,#679,.T.);
#1636=EDGE_CURVE('',#1281,#1281,#1065,.T.);
#1637=EDGE_CURVE('',#1282,#1282,#1066,.T.);
#1638=EDGE_CURVE('',#1282,#1283,#680,.T.);
#1639=EDGE_CURVE('',#1283,#1283,#1067,.T.);
#1640=EDGE_CURVE('',#1283,#1284,#681,.T.);
#1641=EDGE_CURVE('',#1284,#1284,#1068,.T.);
#1642=EDGE_CURVE('',#1252,#1281,#682,.T.);
#1643=EDGE_CURVE('',#1245,#1284,#683,.T.);
#1644=EDGE_CURVE('',#1251,#1275,#684,.T.);
#1645=EDGE_CURVE('',#1246,#1278,#685,.T.);
#1646=EDGE_CURVE('',#1255,#1140,#686,.T.);
#1647=EDGE_CURVE('',#1180,#1271,#687,.T.);
#1648=EDGE_CURVE('',#1270,#1182,#688,.T.);
#1649=EDGE_CURVE('',#1272,#1178,#689,.T.);
#1650=EDGE_CURVE('',#1188,#1267,#690,.T.);
#1651=EDGE_CURVE('',#1268,#1186,#691,.T.);
#1652=EDGE_CURVE('',#1184,#1269,#692,.T.);
#1653=EDGE_CURVE('',#1247,#1110,#693,.T.);
#1654=EDGE_CURVE('',#1248,#1111,#694,.T.);
#1655=EDGE_CURVE('',#1249,#1112,#695,.T.);
#1656=EDGE_CURVE('',#1250,#1113,#696,.T.);
#1657=ORIENTED_EDGE('',*,*,#1285,.T.);
#1658=ORIENTED_EDGE('',*,*,#1286,.T.);
#1659=ORIENTED_EDGE('',*,*,#1287,.T.);
#1660=ORIENTED_EDGE('',*,*,#1288,.T.);
#1661=ORIENTED_EDGE('',*,*,#1286,.F.);
#1662=ORIENTED_EDGE('',*,*,#1289,.F.);
#1663=ORIENTED_EDGE('',*,*,#1290,.F.);
#1664=ORIENTED_EDGE('',*,*,#1291,.F.);
#1665=ORIENTED_EDGE('',*,*,#1292,.F.);
#1666=ORIENTED_EDGE('',*,*,#1293,.F.);
#1667=ORIENTED_EDGE('',*,*,#1294,.F.);
#1668=ORIENTED_EDGE('',*,*,#1295,.F.);
#1669=ORIENTED_EDGE('',*,*,#1296,.F.);
#1670=ORIENTED_EDGE('',*,*,#1297,.F.);
#1671=ORIENTED_EDGE('',*,*,#1298,.F.);
#1672=ORIENTED_EDGE('',*,*,#1299,.F.);
#1673=ORIENTED_EDGE('',*,*,#1300,.F.);
#1674=ORIENTED_EDGE('',*,*,#1301,.F.);
#1675=ORIENTED_EDGE('',*,*,#1302,.F.);
#1676=ORIENTED_EDGE('',*,*,#1303,.F.);
#1677=ORIENTED_EDGE('',*,*,#1304,.F.);
#1678=ORIENTED_EDGE('',*,*,#1305,.F.);
#1679=ORIENTED_EDGE('',*,*,#1306,.F.);
#1680=ORIENTED_EDGE('',*,*,#1307,.F.);
#1681=ORIENTED_EDGE('',*,*,#1308,.F.);
#1682=ORIENTED_EDGE('',*,*,#1309,.F.);
#1683=ORIENTED_EDGE('',*,*,#1310,.F.);
#1684=ORIENTED_EDGE('',*,*,#1311,.F.);
#1685=ORIENTED_EDGE('',*,*,#1312,.F.);
#1686=ORIENTED_EDGE('',*,*,#1313,.F.);
#1687=ORIENTED_EDGE('',*,*,#1314,.F.);
#1688=ORIENTED_EDGE('',*,*,#1315,.F.);
#1689=ORIENTED_EDGE('',*,*,#1316,.F.);
#1690=ORIENTED_EDGE('',*,*,#1317,.F.);
#1691=ORIENTED_EDGE('',*,*,#1318,.F.);
#1692=ORIENTED_EDGE('',*,*,#1319,.F.);
#1693=ORIENTED_EDGE('',*,*,#1320,.F.);
#1694=ORIENTED_EDGE('',*,*,#1321,.F.);
#1695=ORIENTED_EDGE('',*,*,#1322,.F.);
#1696=ORIENTED_EDGE('',*,*,#1323,.F.);
#1697=ORIENTED_EDGE('',*,*,#1324,.F.);
#1698=ORIENTED_EDGE('',*,*,#1325,.F.);
#1699=ORIENTED_EDGE('',*,*,#1326,.F.);
#1700=ORIENTED_EDGE('',*,*,#1327,.F.);
#1701=ORIENTED_EDGE('',*,*,#1328,.F.);
#1702=ORIENTED_EDGE('',*,*,#1329,.F.);
#1703=ORIENTED_EDGE('',*,*,#1330,.F.);
#1704=ORIENTED_EDGE('',*,*,#1331,.F.);
#1705=ORIENTED_EDGE('',*,*,#1332,.F.);
#1706=ORIENTED_EDGE('',*,*,#1333,.F.);
#1707=ORIENTED_EDGE('',*,*,#1334,.F.);
#1708=ORIENTED_EDGE('',*,*,#1335,.F.);
#1709=ORIENTED_EDGE('',*,*,#1336,.F.);
#1710=ORIENTED_EDGE('',*,*,#1337,.F.);
#1711=ORIENTED_EDGE('',*,*,#1338,.F.);
#1712=ORIENTED_EDGE('',*,*,#1339,.F.);
#1713=ORIENTED_EDGE('',*,*,#1285,.F.);
#1714=ORIENTED_EDGE('',*,*,#1340,.F.);
#1715=ORIENTED_EDGE('',*,*,#1341,.T.);
#1716=ORIENTED_EDGE('',*,*,#1287,.F.);
#1717=ORIENTED_EDGE('',*,*,#1288,.F.);
#1718=ORIENTED_EDGE('',*,*,#1341,.F.);
#1719=ORIENTED_EDGE('',*,*,#1325,.T.);
#1720=ORIENTED_EDGE('',*,*,#1342,.T.);
#1721=ORIENTED_EDGE('',*,*,#1343,.T.);
#1722=ORIENTED_EDGE('',*,*,#1344,.T.);
#1723=ORIENTED_EDGE('',*,*,#1342,.F.);
#1724=ORIENTED_EDGE('',*,*,#1345,.F.);
#1725=ORIENTED_EDGE('',*,*,#1346,.T.);
#1726=ORIENTED_EDGE('',*,*,#1343,.F.);
#1727=ORIENTED_EDGE('',*,*,#1344,.F.);
#1728=ORIENTED_EDGE('',*,*,#1346,.F.);
#1729=ORIENTED_EDGE('',*,*,#1339,.T.);
#1730=ORIENTED_EDGE('',*,*,#1347,.T.);
#1731=ORIENTED_EDGE('',*,*,#1348,.T.);
#1732=ORIENTED_EDGE('',*,*,#1349,.T.);
#1733=ORIENTED_EDGE('',*,*,#1347,.F.);
#1734=ORIENTED_EDGE('',*,*,#1350,.F.);
#1735=ORIENTED_EDGE('',*,*,#1351,.T.);
#1736=ORIENTED_EDGE('',*,*,#1348,.F.);
#1737=ORIENTED_EDGE('',*,*,#1349,.F.);
#1738=ORIENTED_EDGE('',*,*,#1351,.F.);
#1739=ORIENTED_EDGE('',*,*,#1326,.T.);
#1740=ORIENTED_EDGE('',*,*,#1352,.T.);
#1741=ORIENTED_EDGE('',*,*,#1353,.T.);
#1742=ORIENTED_EDGE('',*,*,#1354,.T.);
#1743=ORIENTED_EDGE('',*,*,#1352,.F.);
#1744=ORIENTED_EDGE('',*,*,#1355,.F.);
#1745=ORIENTED_EDGE('',*,*,#1356,.T.);
#1746=ORIENTED_EDGE('',*,*,#1353,.F.);
#1747=ORIENTED_EDGE('',*,*,#1354,.F.);
#1748=ORIENTED_EDGE('',*,*,#1356,.F.);
#1749=ORIENTED_EDGE('',*,*,#1357,.T.);
#1750=ORIENTED_EDGE('',*,*,#1331,.T.);
#1751=ORIENTED_EDGE('',*,*,#1358,.T.);
#1752=ORIENTED_EDGE('',*,*,#1359,.T.);
#1753=ORIENTED_EDGE('',*,*,#1360,.T.);
#1754=ORIENTED_EDGE('',*,*,#1332,.T.);
#1755=ORIENTED_EDGE('',*,*,#1357,.F.);
#1756=ORIENTED_EDGE('',*,*,#1361,.T.);
#1757=ORIENTED_EDGE('',*,*,#1360,.F.);
#1758=ORIENTED_EDGE('',*,*,#1362,.T.);
#1759=ORIENTED_EDGE('',*,*,#1363,.T.);
#1760=ORIENTED_EDGE('',*,*,#1333,.T.);
#1761=ORIENTED_EDGE('',*,*,#1364,.T.);
#1762=ORIENTED_EDGE('',*,*,#1334,.T.);
#1763=ORIENTED_EDGE('',*,*,#1363,.F.);
#1764=ORIENTED_EDGE('',*,*,#1365,.T.);
#1765=ORIENTED_EDGE('',*,*,#1366,.T.);
#1766=ORIENTED_EDGE('',*,*,#1335,.T.);
#1767=ORIENTED_EDGE('',*,*,#1364,.F.);
#1768=ORIENTED_EDGE('',*,*,#1367,.T.);
#1769=ORIENTED_EDGE('',*,*,#1368,.T.);
#1770=ORIENTED_EDGE('',*,*,#1336,.T.);
#1771=ORIENTED_EDGE('',*,*,#1366,.F.);
#1772=ORIENTED_EDGE('',*,*,#1369,.T.);
#1773=ORIENTED_EDGE('',*,*,#1368,.F.);
#1774=ORIENTED_EDGE('',*,*,#1370,.T.);
#1775=ORIENTED_EDGE('',*,*,#1371,.T.);
#1776=ORIENTED_EDGE('',*,*,#1337,.T.);
#1777=ORIENTED_EDGE('',*,*,#1358,.F.);
#1778=ORIENTED_EDGE('',*,*,#1338,.T.);
#1779=ORIENTED_EDGE('',*,*,#1371,.F.);
#1780=ORIENTED_EDGE('',*,*,#1372,.T.);
#1781=ORIENTED_EDGE('',*,*,#1365,.F.);
#1782=ORIENTED_EDGE('',*,*,#1373,.F.);
#1783=ORIENTED_EDGE('',*,*,#1374,.F.);
#1784=ORIENTED_EDGE('',*,*,#1375,.F.);
#1785=ORIENTED_EDGE('',*,*,#1362,.F.);
#1786=ORIENTED_EDGE('',*,*,#1376,.T.);
#1787=ORIENTED_EDGE('',*,*,#1377,.F.);
#1788=ORIENTED_EDGE('',*,*,#1373,.T.);
#1789=ORIENTED_EDGE('',*,*,#1361,.F.);
#1790=ORIENTED_EDGE('',*,*,#1378,.F.);
#1791=ORIENTED_EDGE('',*,*,#1379,.F.);
#1792=ORIENTED_EDGE('',*,*,#1376,.F.);
#1793=ORIENTED_EDGE('',*,*,#1359,.F.);
#1794=ORIENTED_EDGE('',*,*,#1380,.T.);
#1795=ORIENTED_EDGE('',*,*,#1381,.F.);
#1796=ORIENTED_EDGE('',*,*,#1378,.T.);
#1797=ORIENTED_EDGE('',*,*,#1382,.T.);
#1798=ORIENTED_EDGE('',*,*,#1383,.T.);
#1799=ORIENTED_EDGE('',*,*,#1384,.T.);
#1800=ORIENTED_EDGE('',*,*,#1385,.T.);
#1801=ORIENTED_EDGE('',*,*,#1382,.F.);
#1802=ORIENTED_EDGE('',*,*,#1386,.T.);
#1803=ORIENTED_EDGE('',*,*,#1387,.T.);
#1804=ORIENTED_EDGE('',*,*,#1388,.T.);
#1805=ORIENTED_EDGE('',*,*,#1387,.F.);
#1806=ORIENTED_EDGE('',*,*,#1389,.T.);
#1807=ORIENTED_EDGE('',*,*,#1390,.T.);
#1808=ORIENTED_EDGE('',*,*,#1391,.T.);
#1809=ORIENTED_EDGE('',*,*,#1390,.F.);
#1810=ORIENTED_EDGE('',*,*,#1392,.T.);
#1811=ORIENTED_EDGE('',*,*,#1393,.T.);
#1812=ORIENTED_EDGE('',*,*,#1394,.T.);
#1813=ORIENTED_EDGE('',*,*,#1395,.T.);
#1814=ORIENTED_EDGE('',*,*,#1396,.T.);
#1815=ORIENTED_EDGE('',*,*,#1393,.F.);
#1816=ORIENTED_EDGE('',*,*,#1397,.T.);
#1817=ORIENTED_EDGE('',*,*,#1395,.F.);
#1818=ORIENTED_EDGE('',*,*,#1398,.T.);
#1819=ORIENTED_EDGE('',*,*,#1399,.T.);
#1820=ORIENTED_EDGE('',*,*,#1400,.T.);
#1821=ORIENTED_EDGE('',*,*,#1401,.T.);
#1822=ORIENTED_EDGE('',*,*,#1402,.T.);
#1823=ORIENTED_EDGE('',*,*,#1399,.F.);
#1824=ORIENTED_EDGE('',*,*,#1403,.T.);
#1825=ORIENTED_EDGE('',*,*,#1401,.F.);
#1826=ORIENTED_EDGE('',*,*,#1404,.T.);
#1827=ORIENTED_EDGE('',*,*,#1405,.T.);
#1828=ORIENTED_EDGE('',*,*,#1406,.T.);
#1829=ORIENTED_EDGE('',*,*,#1407,.T.);
#1830=ORIENTED_EDGE('',*,*,#1408,.T.);
#1831=ORIENTED_EDGE('',*,*,#1405,.F.);
#1832=ORIENTED_EDGE('',*,*,#1409,.T.);
#1833=ORIENTED_EDGE('',*,*,#1410,.T.);
#1834=ORIENTED_EDGE('',*,*,#1411,.T.);
#1835=ORIENTED_EDGE('',*,*,#1407,.F.);
#1836=ORIENTED_EDGE('',*,*,#1412,.T.);
#1837=ORIENTED_EDGE('',*,*,#1413,.T.);
#1838=ORIENTED_EDGE('',*,*,#1414,.T.);
#1839=ORIENTED_EDGE('',*,*,#1410,.F.);
#1840=ORIENTED_EDGE('',*,*,#1415,.T.);
#1841=ORIENTED_EDGE('',*,*,#1413,.F.);
#1842=ORIENTED_EDGE('',*,*,#1416,.T.);
#1843=ORIENTED_EDGE('',*,*,#1417,.T.);
#1844=ORIENTED_EDGE('',*,*,#1418,.T.);
#1845=ORIENTED_EDGE('',*,*,#1419,.T.);
#1846=ORIENTED_EDGE('',*,*,#1420,.T.);
#1847=ORIENTED_EDGE('',*,*,#1417,.F.);
#1848=ORIENTED_EDGE('',*,*,#1421,.T.);
#1849=ORIENTED_EDGE('',*,*,#1419,.F.);
#1850=ORIENTED_EDGE('',*,*,#1422,.T.);
#1851=ORIENTED_EDGE('',*,*,#1423,.T.);
#1852=ORIENTED_EDGE('',*,*,#1424,.T.);
#1853=ORIENTED_EDGE('',*,*,#1425,.T.);
#1854=ORIENTED_EDGE('',*,*,#1426,.T.);
#1855=ORIENTED_EDGE('',*,*,#1423,.F.);
#1856=ORIENTED_EDGE('',*,*,#1427,.T.);
#1857=ORIENTED_EDGE('',*,*,#1425,.F.);
#1858=ORIENTED_EDGE('',*,*,#1428,.T.);
#1859=ORIENTED_EDGE('',*,*,#1429,.T.);
#1860=ORIENTED_EDGE('',*,*,#1430,.T.);
#1861=ORIENTED_EDGE('',*,*,#1429,.F.);
#1862=ORIENTED_EDGE('',*,*,#1431,.T.);
#1863=ORIENTED_EDGE('',*,*,#1432,.T.);
#1864=ORIENTED_EDGE('',*,*,#1433,.T.);
#1865=ORIENTED_EDGE('',*,*,#1432,.F.);
#1866=ORIENTED_EDGE('',*,*,#1434,.T.);
#1867=ORIENTED_EDGE('',*,*,#1435,.T.);
#1868=ORIENTED_EDGE('',*,*,#1436,.T.);
#1869=ORIENTED_EDGE('',*,*,#1437,.T.);
#1870=ORIENTED_EDGE('',*,*,#1438,.T.);
#1871=ORIENTED_EDGE('',*,*,#1435,.F.);
#1872=ORIENTED_EDGE('',*,*,#1439,.T.);
#1873=ORIENTED_EDGE('',*,*,#1437,.F.);
#1874=ORIENTED_EDGE('',*,*,#1440,.T.);
#1875=ORIENTED_EDGE('',*,*,#1441,.T.);
#1876=ORIENTED_EDGE('',*,*,#1442,.T.);
#1877=ORIENTED_EDGE('',*,*,#1441,.F.);
#1878=ORIENTED_EDGE('',*,*,#1443,.T.);
#1879=ORIENTED_EDGE('',*,*,#1444,.T.);
#1880=ORIENTED_EDGE('',*,*,#1445,.T.);
#1881=ORIENTED_EDGE('',*,*,#1444,.F.);
#1882=ORIENTED_EDGE('',*,*,#1446,.T.);
#1883=ORIENTED_EDGE('',*,*,#1447,.T.);
#1884=ORIENTED_EDGE('',*,*,#1448,.T.);
#1885=ORIENTED_EDGE('',*,*,#1449,.T.);
#1886=ORIENTED_EDGE('',*,*,#1450,.T.);
#1887=ORIENTED_EDGE('',*,*,#1447,.F.);
#1888=ORIENTED_EDGE('',*,*,#1451,.T.);
#1889=ORIENTED_EDGE('',*,*,#1449,.F.);
#1890=ORIENTED_EDGE('',*,*,#1452,.T.);
#1891=ORIENTED_EDGE('',*,*,#1453,.T.);
#1892=ORIENTED_EDGE('',*,*,#1454,.T.);
#1893=ORIENTED_EDGE('',*,*,#1455,.T.);
#1894=ORIENTED_EDGE('',*,*,#1456,.T.);
#1895=ORIENTED_EDGE('',*,*,#1453,.F.);
#1896=ORIENTED_EDGE('',*,*,#1457,.T.);
#1897=ORIENTED_EDGE('',*,*,#1455,.F.);
#1898=ORIENTED_EDGE('',*,*,#1458,.T.);
#1899=ORIENTED_EDGE('',*,*,#1459,.T.);
#1900=ORIENTED_EDGE('',*,*,#1460,.T.);
#1901=ORIENTED_EDGE('',*,*,#1461,.T.);
#1902=ORIENTED_EDGE('',*,*,#1462,.T.);
#1903=ORIENTED_EDGE('',*,*,#1459,.F.);
#1904=ORIENTED_EDGE('',*,*,#1463,.T.);
#1905=ORIENTED_EDGE('',*,*,#1464,.T.);
#1906=ORIENTED_EDGE('',*,*,#1465,.T.);
#1907=ORIENTED_EDGE('',*,*,#1461,.F.);
#1908=ORIENTED_EDGE('',*,*,#1466,.T.);
#1909=ORIENTED_EDGE('',*,*,#1467,.T.);
#1910=ORIENTED_EDGE('',*,*,#1468,.T.);
#1911=ORIENTED_EDGE('',*,*,#1464,.F.);
#1912=ORIENTED_EDGE('',*,*,#1469,.T.);
#1913=ORIENTED_EDGE('',*,*,#1467,.F.);
#1914=ORIENTED_EDGE('',*,*,#1470,.T.);
#1915=ORIENTED_EDGE('',*,*,#1471,.T.);
#1916=ORIENTED_EDGE('',*,*,#1472,.T.);
#1917=ORIENTED_EDGE('',*,*,#1473,.T.);
#1918=ORIENTED_EDGE('',*,*,#1474,.T.);
#1919=ORIENTED_EDGE('',*,*,#1471,.F.);
#1920=ORIENTED_EDGE('',*,*,#1475,.T.);
#1921=ORIENTED_EDGE('',*,*,#1473,.F.);
#1922=ORIENTED_EDGE('',*,*,#1476,.T.);
#1923=ORIENTED_EDGE('',*,*,#1477,.T.);
#1924=ORIENTED_EDGE('',*,*,#1478,.T.);
#1925=ORIENTED_EDGE('',*,*,#1479,.T.);
#1926=ORIENTED_EDGE('',*,*,#1480,.T.);
#1927=ORIENTED_EDGE('',*,*,#1477,.F.);
#1928=ORIENTED_EDGE('',*,*,#1481,.T.);
#1929=ORIENTED_EDGE('',*,*,#1479,.F.);
#1930=ORIENTED_EDGE('',*,*,#1482,.T.);
#1931=ORIENTED_EDGE('',*,*,#1483,.T.);
#1932=ORIENTED_EDGE('',*,*,#1484,.T.);
#1933=ORIENTED_EDGE('',*,*,#1483,.F.);
#1934=ORIENTED_EDGE('',*,*,#1485,.T.);
#1935=ORIENTED_EDGE('',*,*,#1486,.T.);
#1936=ORIENTED_EDGE('',*,*,#1487,.T.);
#1937=ORIENTED_EDGE('',*,*,#1486,.F.);
#1938=ORIENTED_EDGE('',*,*,#1488,.T.);
#1939=ORIENTED_EDGE('',*,*,#1384,.F.);
#1940=ORIENTED_EDGE('',*,*,#1489,.T.);
#1941=ORIENTED_EDGE('',*,*,#1427,.F.);
#1942=ORIENTED_EDGE('',*,*,#1490,.F.);
#1943=ORIENTED_EDGE('',*,*,#1491,.F.);
#1944=ORIENTED_EDGE('',*,*,#1492,.F.);
#1945=ORIENTED_EDGE('',*,*,#1422,.F.);
#1946=ORIENTED_EDGE('',*,*,#1493,.T.);
#1947=ORIENTED_EDGE('',*,*,#1494,.F.);
#1948=ORIENTED_EDGE('',*,*,#1490,.T.);
#1949=ORIENTED_EDGE('',*,*,#1421,.F.);
#1950=ORIENTED_EDGE('',*,*,#1495,.F.);
#1951=ORIENTED_EDGE('',*,*,#1496,.F.);
#1952=ORIENTED_EDGE('',*,*,#1493,.F.);
#1953=ORIENTED_EDGE('',*,*,#1416,.F.);
#1954=ORIENTED_EDGE('',*,*,#1497,.T.);
#1955=ORIENTED_EDGE('',*,*,#1498,.F.);
#1956=ORIENTED_EDGE('',*,*,#1495,.T.);
#1957=ORIENTED_EDGE('',*,*,#1415,.F.);
#1958=ORIENTED_EDGE('',*,*,#1499,.F.);
#1959=ORIENTED_EDGE('',*,*,#1500,.F.);
#1960=ORIENTED_EDGE('',*,*,#1497,.F.);
#1961=ORIENTED_EDGE('',*,*,#1412,.F.);
#1962=ORIENTED_EDGE('',*,*,#1501,.F.);
#1963=ORIENTED_EDGE('',*,*,#1502,.F.);
#1964=ORIENTED_EDGE('',*,*,#1499,.T.);
#1965=ORIENTED_EDGE('',*,*,#1409,.F.);
#1966=ORIENTED_EDGE('',*,*,#1503,.F.);
#1967=ORIENTED_EDGE('',*,*,#1504,.F.);
#1968=ORIENTED_EDGE('',*,*,#1501,.T.);
#1969=ORIENTED_EDGE('',*,*,#1404,.F.);
#1970=ORIENTED_EDGE('',*,*,#1505,.T.);
#1971=ORIENTED_EDGE('',*,*,#1506,.F.);
#1972=ORIENTED_EDGE('',*,*,#1503,.T.);
#1973=ORIENTED_EDGE('',*,*,#1403,.F.);
#1974=ORIENTED_EDGE('',*,*,#1507,.F.);
#1975=ORIENTED_EDGE('',*,*,#1508,.F.);
#1976=ORIENTED_EDGE('',*,*,#1505,.F.);
#1977=ORIENTED_EDGE('',*,*,#1398,.F.);
#1978=ORIENTED_EDGE('',*,*,#1509,.T.);
#1979=ORIENTED_EDGE('',*,*,#1510,.F.);
#1980=ORIENTED_EDGE('',*,*,#1507,.T.);
#1981=ORIENTED_EDGE('',*,*,#1397,.F.);
#1982=ORIENTED_EDGE('',*,*,#1511,.F.);
#1983=ORIENTED_EDGE('',*,*,#1512,.F.);
#1984=ORIENTED_EDGE('',*,*,#1509,.F.);
#1985=ORIENTED_EDGE('',*,*,#1392,.F.);
#1986=ORIENTED_EDGE('',*,*,#1513,.T.);
#1987=ORIENTED_EDGE('',*,*,#1514,.F.);
#1988=ORIENTED_EDGE('',*,*,#1511,.T.);
#1989=ORIENTED_EDGE('',*,*,#1389,.F.);
#1990=ORIENTED_EDGE('',*,*,#1515,.F.);
#1991=ORIENTED_EDGE('',*,*,#1516,.F.);
#1992=ORIENTED_EDGE('',*,*,#1513,.F.);
#1993=ORIENTED_EDGE('',*,*,#1386,.F.);
#1994=ORIENTED_EDGE('',*,*,#1517,.T.);
#1995=ORIENTED_EDGE('',*,*,#1518,.F.);
#1996=ORIENTED_EDGE('',*,*,#1515,.T.);
#1997=ORIENTED_EDGE('',*,*,#1385,.F.);
#1998=ORIENTED_EDGE('',*,*,#1519,.F.);
#1999=ORIENTED_EDGE('',*,*,#1520,.F.);
#2000=ORIENTED_EDGE('',*,*,#1517,.F.);
#2001=ORIENTED_EDGE('',*,*,#1488,.F.);
#2002=ORIENTED_EDGE('',*,*,#1521,.T.);
#2003=ORIENTED_EDGE('',*,*,#1522,.F.);
#2004=ORIENTED_EDGE('',*,*,#1519,.T.);
#2005=ORIENTED_EDGE('',*,*,#1485,.F.);
#2006=ORIENTED_EDGE('',*,*,#1523,.F.);
#2007=ORIENTED_EDGE('',*,*,#1524,.F.);
#2008=ORIENTED_EDGE('',*,*,#1521,.F.);
#2009=ORIENTED_EDGE('',*,*,#1482,.F.);
#2010=ORIENTED_EDGE('',*,*,#1525,.T.);
#2011=ORIENTED_EDGE('',*,*,#1526,.F.);
#2012=ORIENTED_EDGE('',*,*,#1523,.T.);
#2013=ORIENTED_EDGE('',*,*,#1383,.F.);
#2014=ORIENTED_EDGE('',*,*,#1388,.F.);
#2015=ORIENTED_EDGE('',*,*,#1391,.F.);
#2016=ORIENTED_EDGE('',*,*,#1394,.F.);
#2017=ORIENTED_EDGE('',*,*,#1396,.F.);
#2018=ORIENTED_EDGE('',*,*,#1400,.F.);
#2019=ORIENTED_EDGE('',*,*,#1402,.F.);
#2020=ORIENTED_EDGE('',*,*,#1406,.F.);
#2021=ORIENTED_EDGE('',*,*,#1408,.F.);
#2022=ORIENTED_EDGE('',*,*,#1411,.F.);
#2023=ORIENTED_EDGE('',*,*,#1414,.F.);
#2024=ORIENTED_EDGE('',*,*,#1418,.F.);
#2025=ORIENTED_EDGE('',*,*,#1420,.F.);
#2026=ORIENTED_EDGE('',*,*,#1424,.F.);
#2027=ORIENTED_EDGE('',*,*,#1426,.F.);
#2028=ORIENTED_EDGE('',*,*,#1430,.F.);
#2029=ORIENTED_EDGE('',*,*,#1433,.F.);
#2030=ORIENTED_EDGE('',*,*,#1436,.F.);
#2031=ORIENTED_EDGE('',*,*,#1438,.F.);
#2032=ORIENTED_EDGE('',*,*,#1442,.F.);
#2033=ORIENTED_EDGE('',*,*,#1445,.F.);
#2034=ORIENTED_EDGE('',*,*,#1448,.F.);
#2035=ORIENTED_EDGE('',*,*,#1450,.F.);
#2036=ORIENTED_EDGE('',*,*,#1454,.F.);
#2037=ORIENTED_EDGE('',*,*,#1456,.F.);
#2038=ORIENTED_EDGE('',*,*,#1460,.F.);
#2039=ORIENTED_EDGE('',*,*,#1462,.F.);
#2040=ORIENTED_EDGE('',*,*,#1465,.F.);
#2041=ORIENTED_EDGE('',*,*,#1468,.F.);
#2042=ORIENTED_EDGE('',*,*,#1472,.F.);
#2043=ORIENTED_EDGE('',*,*,#1474,.F.);
#2044=ORIENTED_EDGE('',*,*,#1478,.F.);
#2045=ORIENTED_EDGE('',*,*,#1480,.F.);
#2046=ORIENTED_EDGE('',*,*,#1484,.F.);
#2047=ORIENTED_EDGE('',*,*,#1487,.F.);
#2048=ORIENTED_EDGE('',*,*,#1489,.F.);
#2049=ORIENTED_EDGE('',*,*,#1527,.F.);
#2050=ORIENTED_EDGE('',*,*,#1528,.F.);
#2051=ORIENTED_EDGE('',*,*,#1529,.F.);
#2052=ORIENTED_EDGE('',*,*,#1530,.F.);
#2053=ORIENTED_EDGE('',*,*,#1531,.F.);
#2054=ORIENTED_EDGE('',*,*,#1532,.F.);
#2055=ORIENTED_EDGE('',*,*,#1533,.F.);
#2056=ORIENTED_EDGE('',*,*,#1534,.F.);
#2057=ORIENTED_EDGE('',*,*,#1535,.F.);
#2058=ORIENTED_EDGE('',*,*,#1536,.F.);
#2059=ORIENTED_EDGE('',*,*,#1537,.T.);
#2060=ORIENTED_EDGE('',*,*,#1538,.T.);
#2061=ORIENTED_EDGE('',*,*,#1539,.T.);
#2062=ORIENTED_EDGE('',*,*,#1540,.T.);
#2063=ORIENTED_EDGE('',*,*,#1541,.F.);
#2064=ORIENTED_EDGE('',*,*,#1542,.F.);
#2065=ORIENTED_EDGE('',*,*,#1543,.T.);
#2066=ORIENTED_EDGE('',*,*,#1527,.T.);
#2067=ORIENTED_EDGE('',*,*,#1544,.T.);
#2068=ORIENTED_EDGE('',*,*,#1545,.T.);
#2069=ORIENTED_EDGE('',*,*,#1543,.F.);
#2070=ORIENTED_EDGE('',*,*,#1546,.T.);
#2071=ORIENTED_EDGE('',*,*,#1547,.T.);
#2072=ORIENTED_EDGE('',*,*,#1528,.T.);
#2073=ORIENTED_EDGE('',*,*,#1548,.T.);
#2074=ORIENTED_EDGE('',*,*,#1529,.T.);
#2075=ORIENTED_EDGE('',*,*,#1547,.F.);
#2076=ORIENTED_EDGE('',*,*,#1374,.T.);
#2077=ORIENTED_EDGE('',*,*,#1549,.T.);
#2078=ORIENTED_EDGE('',*,*,#1530,.T.);
#2079=ORIENTED_EDGE('',*,*,#1548,.F.);
#2080=ORIENTED_EDGE('',*,*,#1377,.T.);
#2081=ORIENTED_EDGE('',*,*,#1550,.T.);
#2082=ORIENTED_EDGE('',*,*,#1531,.T.);
#2083=ORIENTED_EDGE('',*,*,#1549,.F.);
#2084=ORIENTED_EDGE('',*,*,#1379,.T.);
#2085=ORIENTED_EDGE('',*,*,#1550,.F.);
#2086=ORIENTED_EDGE('',*,*,#1381,.T.);
#2087=ORIENTED_EDGE('',*,*,#1551,.T.);
#2088=ORIENTED_EDGE('',*,*,#1532,.T.);
#2089=ORIENTED_EDGE('',*,*,#1552,.T.);
#2090=ORIENTED_EDGE('',*,*,#1533,.T.);
#2091=ORIENTED_EDGE('',*,*,#1551,.F.);
#2092=ORIENTED_EDGE('',*,*,#1553,.T.);
#2093=ORIENTED_EDGE('',*,*,#1544,.F.);
#2094=ORIENTED_EDGE('',*,*,#1534,.T.);
#2095=ORIENTED_EDGE('',*,*,#1552,.F.);
#2096=ORIENTED_EDGE('',*,*,#1554,.T.);
#2097=ORIENTED_EDGE('',*,*,#1367,.F.);
#2098=ORIENTED_EDGE('',*,*,#1375,.T.);
#2099=ORIENTED_EDGE('',*,*,#1546,.F.);
#2100=ORIENTED_EDGE('',*,*,#1555,.T.);
#2101=ORIENTED_EDGE('',*,*,#1369,.F.);
#2102=ORIENTED_EDGE('',*,*,#1555,.F.);
#2103=ORIENTED_EDGE('',*,*,#1545,.F.);
#2104=ORIENTED_EDGE('',*,*,#1556,.F.);
#2105=ORIENTED_EDGE('',*,*,#1557,.T.);
#2106=ORIENTED_EDGE('',*,*,#1289,.T.);
#2107=ORIENTED_EDGE('',*,*,#1558,.T.);
#2108=ORIENTED_EDGE('',*,*,#1520,.T.);
#2109=ORIENTED_EDGE('',*,*,#1557,.F.);
#2110=ORIENTED_EDGE('',*,*,#1522,.T.);
#2111=ORIENTED_EDGE('',*,*,#1559,.T.);
#2112=ORIENTED_EDGE('',*,*,#1290,.T.);
#2113=ORIENTED_EDGE('',*,*,#1559,.F.);
#2114=ORIENTED_EDGE('',*,*,#1524,.T.);
#2115=ORIENTED_EDGE('',*,*,#1560,.T.);
#2116=ORIENTED_EDGE('',*,*,#1291,.T.);
#2117=ORIENTED_EDGE('',*,*,#1560,.F.);
#2118=ORIENTED_EDGE('',*,*,#1526,.T.);
#2119=ORIENTED_EDGE('',*,*,#1561,.T.);
#2120=ORIENTED_EDGE('',*,*,#1292,.T.);
#2121=ORIENTED_EDGE('',*,*,#1561,.F.);
#2122=ORIENTED_EDGE('',*,*,#1562,.T.);
#2123=ORIENTED_EDGE('',*,*,#1563,.T.);
#2124=ORIENTED_EDGE('',*,*,#1293,.T.);
#2125=ORIENTED_EDGE('',*,*,#1563,.F.);
#2126=ORIENTED_EDGE('',*,*,#1564,.T.);
#2127=ORIENTED_EDGE('',*,*,#1565,.T.);
#2128=ORIENTED_EDGE('',*,*,#1294,.T.);
#2129=ORIENTED_EDGE('',*,*,#1565,.F.);
#2130=ORIENTED_EDGE('',*,*,#1566,.T.);
#2131=ORIENTED_EDGE('',*,*,#1567,.T.);
#2132=ORIENTED_EDGE('',*,*,#1295,.T.);
#2133=ORIENTED_EDGE('',*,*,#1567,.F.);
#2134=ORIENTED_EDGE('',*,*,#1568,.T.);
#2135=ORIENTED_EDGE('',*,*,#1569,.T.);
#2136=ORIENTED_EDGE('',*,*,#1296,.T.);
#2137=ORIENTED_EDGE('',*,*,#1569,.F.);
#2138=ORIENTED_EDGE('',*,*,#1570,.T.);
#2139=ORIENTED_EDGE('',*,*,#1571,.T.);
#2140=ORIENTED_EDGE('',*,*,#1297,.T.);
#2141=ORIENTED_EDGE('',*,*,#1572,.T.);
#2142=ORIENTED_EDGE('',*,*,#1298,.T.);
#2143=ORIENTED_EDGE('',*,*,#1571,.F.);
#2144=ORIENTED_EDGE('',*,*,#1573,.T.);
#2145=ORIENTED_EDGE('',*,*,#1572,.F.);
#2146=ORIENTED_EDGE('',*,*,#1574,.T.);
#2147=ORIENTED_EDGE('',*,*,#1575,.T.);
#2148=ORIENTED_EDGE('',*,*,#1299,.T.);
#2149=ORIENTED_EDGE('',*,*,#1575,.F.);
#2150=ORIENTED_EDGE('',*,*,#1576,.T.);
#2151=ORIENTED_EDGE('',*,*,#1577,.T.);
#2152=ORIENTED_EDGE('',*,*,#1300,.T.);
#2153=ORIENTED_EDGE('',*,*,#1577,.F.);
#2154=ORIENTED_EDGE('',*,*,#1578,.T.);
#2155=ORIENTED_EDGE('',*,*,#1579,.T.);
#2156=ORIENTED_EDGE('',*,*,#1301,.T.);
#2157=ORIENTED_EDGE('',*,*,#1579,.F.);
#2158=ORIENTED_EDGE('',*,*,#1580,.T.);
#2159=ORIENTED_EDGE('',*,*,#1581,.T.);
#2160=ORIENTED_EDGE('',*,*,#1302,.T.);
#2161=ORIENTED_EDGE('',*,*,#1581,.F.);
#2162=ORIENTED_EDGE('',*,*,#1582,.T.);
#2163=ORIENTED_EDGE('',*,*,#1583,.T.);
#2164=ORIENTED_EDGE('',*,*,#1303,.T.);
#2165=ORIENTED_EDGE('',*,*,#1583,.F.);
#2166=ORIENTED_EDGE('',*,*,#1584,.T.);
#2167=ORIENTED_EDGE('',*,*,#1585,.T.);
#2168=ORIENTED_EDGE('',*,*,#1304,.T.);
#2169=ORIENTED_EDGE('',*,*,#1585,.F.);
#2170=ORIENTED_EDGE('',*,*,#1586,.T.);
#2171=ORIENTED_EDGE('',*,*,#1587,.T.);
#2172=ORIENTED_EDGE('',*,*,#1305,.T.);
#2173=ORIENTED_EDGE('',*,*,#1587,.F.);
#2174=ORIENTED_EDGE('',*,*,#1588,.T.);
#2175=ORIENTED_EDGE('',*,*,#1589,.T.);
#2176=ORIENTED_EDGE('',*,*,#1306,.T.);
#2177=ORIENTED_EDGE('',*,*,#1590,.T.);
#2178=ORIENTED_EDGE('',*,*,#1307,.T.);
#2179=ORIENTED_EDGE('',*,*,#1589,.F.);
#2180=ORIENTED_EDGE('',*,*,#1591,.T.);
#2181=ORIENTED_EDGE('',*,*,#1590,.F.);
#2182=ORIENTED_EDGE('',*,*,#1592,.T.);
#2183=ORIENTED_EDGE('',*,*,#1593,.T.);
#2184=ORIENTED_EDGE('',*,*,#1308,.T.);
#2185=ORIENTED_EDGE('',*,*,#1593,.F.);
#2186=ORIENTED_EDGE('',*,*,#1594,.T.);
#2187=ORIENTED_EDGE('',*,*,#1595,.T.);
#2188=ORIENTED_EDGE('',*,*,#1309,.T.);
#2189=ORIENTED_EDGE('',*,*,#1595,.F.);
#2190=ORIENTED_EDGE('',*,*,#1596,.T.);
#2191=ORIENTED_EDGE('',*,*,#1597,.T.);
#2192=ORIENTED_EDGE('',*,*,#1310,.T.);
#2193=ORIENTED_EDGE('',*,*,#1597,.F.);
#2194=ORIENTED_EDGE('',*,*,#1491,.T.);
#2195=ORIENTED_EDGE('',*,*,#1598,.T.);
#2196=ORIENTED_EDGE('',*,*,#1311,.T.);
#2197=ORIENTED_EDGE('',*,*,#1598,.F.);
#2198=ORIENTED_EDGE('',*,*,#1494,.T.);
#2199=ORIENTED_EDGE('',*,*,#1599,.T.);
#2200=ORIENTED_EDGE('',*,*,#1312,.T.);
#2201=ORIENTED_EDGE('',*,*,#1599,.F.);
#2202=ORIENTED_EDGE('',*,*,#1496,.T.);
#2203=ORIENTED_EDGE('',*,*,#1600,.T.);
#2204=ORIENTED_EDGE('',*,*,#1313,.T.);
#2205=ORIENTED_EDGE('',*,*,#1600,.F.);
#2206=ORIENTED_EDGE('',*,*,#1498,.T.);
#2207=ORIENTED_EDGE('',*,*,#1601,.T.);
#2208=ORIENTED_EDGE('',*,*,#1314,.T.);
#2209=ORIENTED_EDGE('',*,*,#1601,.F.);
#2210=ORIENTED_EDGE('',*,*,#1500,.T.);
#2211=ORIENTED_EDGE('',*,*,#1602,.T.);
#2212=ORIENTED_EDGE('',*,*,#1315,.T.);
#2213=ORIENTED_EDGE('',*,*,#1603,.T.);
#2214=ORIENTED_EDGE('',*,*,#1316,.T.);
#2215=ORIENTED_EDGE('',*,*,#1602,.F.);
#2216=ORIENTED_EDGE('',*,*,#1502,.T.);
#2217=ORIENTED_EDGE('',*,*,#1603,.F.);
#2218=ORIENTED_EDGE('',*,*,#1504,.T.);
#2219=ORIENTED_EDGE('',*,*,#1604,.T.);
#2220=ORIENTED_EDGE('',*,*,#1317,.T.);
#2221=ORIENTED_EDGE('',*,*,#1604,.F.);
#2222=ORIENTED_EDGE('',*,*,#1506,.T.);
#2223=ORIENTED_EDGE('',*,*,#1605,.T.);
#2224=ORIENTED_EDGE('',*,*,#1318,.T.);
#2225=ORIENTED_EDGE('',*,*,#1605,.F.);
#2226=ORIENTED_EDGE('',*,*,#1508,.T.);
#2227=ORIENTED_EDGE('',*,*,#1606,.T.);
#2228=ORIENTED_EDGE('',*,*,#1319,.T.);
#2229=ORIENTED_EDGE('',*,*,#1606,.F.);
#2230=ORIENTED_EDGE('',*,*,#1510,.T.);
#2231=ORIENTED_EDGE('',*,*,#1607,.T.);
#2232=ORIENTED_EDGE('',*,*,#1320,.T.);
#2233=ORIENTED_EDGE('',*,*,#1607,.F.);
#2234=ORIENTED_EDGE('',*,*,#1512,.T.);
#2235=ORIENTED_EDGE('',*,*,#1608,.T.);
#2236=ORIENTED_EDGE('',*,*,#1321,.T.);
#2237=ORIENTED_EDGE('',*,*,#1608,.F.);
#2238=ORIENTED_EDGE('',*,*,#1514,.T.);
#2239=ORIENTED_EDGE('',*,*,#1609,.T.);
#2240=ORIENTED_EDGE('',*,*,#1322,.T.);
#2241=ORIENTED_EDGE('',*,*,#1609,.F.);
#2242=ORIENTED_EDGE('',*,*,#1516,.T.);
#2243=ORIENTED_EDGE('',*,*,#1610,.T.);
#2244=ORIENTED_EDGE('',*,*,#1323,.T.);
#2245=ORIENTED_EDGE('',*,*,#1610,.F.);
#2246=ORIENTED_EDGE('',*,*,#1518,.T.);
#2247=ORIENTED_EDGE('',*,*,#1558,.F.);
#2248=ORIENTED_EDGE('',*,*,#1324,.T.);
#2249=ORIENTED_EDGE('',*,*,#1451,.F.);
#2250=ORIENTED_EDGE('',*,*,#1611,.F.);
#2251=ORIENTED_EDGE('',*,*,#1582,.F.);
#2252=ORIENTED_EDGE('',*,*,#1612,.F.);
#2253=ORIENTED_EDGE('',*,*,#1452,.F.);
#2254=ORIENTED_EDGE('',*,*,#1612,.T.);
#2255=ORIENTED_EDGE('',*,*,#1580,.F.);
#2256=ORIENTED_EDGE('',*,*,#1613,.T.);
#2257=ORIENTED_EDGE('',*,*,#1457,.F.);
#2258=ORIENTED_EDGE('',*,*,#1613,.F.);
#2259=ORIENTED_EDGE('',*,*,#1578,.F.);
#2260=ORIENTED_EDGE('',*,*,#1614,.F.);
#2261=ORIENTED_EDGE('',*,*,#1458,.F.);
#2262=ORIENTED_EDGE('',*,*,#1614,.T.);
#2263=ORIENTED_EDGE('',*,*,#1576,.F.);
#2264=ORIENTED_EDGE('',*,*,#1615,.T.);
#2265=ORIENTED_EDGE('',*,*,#1463,.F.);
#2266=ORIENTED_EDGE('',*,*,#1615,.F.);
#2267=ORIENTED_EDGE('',*,*,#1574,.F.);
#2268=ORIENTED_EDGE('',*,*,#1616,.T.);
#2269=ORIENTED_EDGE('',*,*,#1466,.F.);
#2270=ORIENTED_EDGE('',*,*,#1616,.F.);
#2271=ORIENTED_EDGE('',*,*,#1573,.F.);
#2272=ORIENTED_EDGE('',*,*,#1617,.T.);
#2273=ORIENTED_EDGE('',*,*,#1469,.F.);
#2274=ORIENTED_EDGE('',*,*,#1617,.F.);
#2275=ORIENTED_EDGE('',*,*,#1570,.F.);
#2276=ORIENTED_EDGE('',*,*,#1618,.F.);
#2277=ORIENTED_EDGE('',*,*,#1470,.F.);
#2278=ORIENTED_EDGE('',*,*,#1618,.T.);
#2279=ORIENTED_EDGE('',*,*,#1568,.F.);
#2280=ORIENTED_EDGE('',*,*,#1619,.T.);
#2281=ORIENTED_EDGE('',*,*,#1475,.F.);
#2282=ORIENTED_EDGE('',*,*,#1619,.F.);
#2283=ORIENTED_EDGE('',*,*,#1566,.F.);
#2284=ORIENTED_EDGE('',*,*,#1620,.F.);
#2285=ORIENTED_EDGE('',*,*,#1476,.F.);
#2286=ORIENTED_EDGE('',*,*,#1620,.T.);
#2287=ORIENTED_EDGE('',*,*,#1564,.F.);
#2288=ORIENTED_EDGE('',*,*,#1621,.T.);
#2289=ORIENTED_EDGE('',*,*,#1481,.F.);
#2290=ORIENTED_EDGE('',*,*,#1621,.F.);
#2291=ORIENTED_EDGE('',*,*,#1562,.F.);
#2292=ORIENTED_EDGE('',*,*,#1525,.F.);
#2293=ORIENTED_EDGE('',*,*,#1622,.T.);
#2294=ORIENTED_EDGE('',*,*,#1623,.T.);
#2295=ORIENTED_EDGE('',*,*,#1624,.T.);
#2296=ORIENTED_EDGE('',*,*,#1623,.F.);
#2297=ORIENTED_EDGE('',*,*,#1624,.F.);
#2298=ORIENTED_EDGE('',*,*,#1625,.T.);
#2299=ORIENTED_EDGE('',*,*,#1626,.F.);
#2300=ORIENTED_EDGE('',*,*,#1625,.F.);
#2301=ORIENTED_EDGE('',*,*,#1622,.F.);
#2302=ORIENTED_EDGE('',*,*,#1345,.T.);
#2303=ORIENTED_EDGE('',*,*,#1627,.T.);
#2304=ORIENTED_EDGE('',*,*,#1628,.T.);
#2305=ORIENTED_EDGE('',*,*,#1629,.T.);
#2306=ORIENTED_EDGE('',*,*,#1628,.F.);
#2307=ORIENTED_EDGE('',*,*,#1629,.F.);
#2308=ORIENTED_EDGE('',*,*,#1630,.T.);
#2309=ORIENTED_EDGE('',*,*,#1631,.F.);
#2310=ORIENTED_EDGE('',*,*,#1630,.F.);
#2311=ORIENTED_EDGE('',*,*,#1627,.F.);
#2312=ORIENTED_EDGE('',*,*,#1340,.T.);
#2313=ORIENTED_EDGE('',*,*,#1632,.T.);
#2314=ORIENTED_EDGE('',*,*,#1633,.T.);
#2315=ORIENTED_EDGE('',*,*,#1634,.T.);
#2316=ORIENTED_EDGE('',*,*,#1633,.F.);
#2317=ORIENTED_EDGE('',*,*,#1634,.F.);
#2318=ORIENTED_EDGE('',*,*,#1635,.T.);
#2319=ORIENTED_EDGE('',*,*,#1636,.F.);
#2320=ORIENTED_EDGE('',*,*,#1635,.F.);
#2321=ORIENTED_EDGE('',*,*,#1632,.F.);
#2322=ORIENTED_EDGE('',*,*,#1355,.T.);
#2323=ORIENTED_EDGE('',*,*,#1637,.T.);
#2324=ORIENTED_EDGE('',*,*,#1638,.T.);
#2325=ORIENTED_EDGE('',*,*,#1639,.T.);
#2326=ORIENTED_EDGE('',*,*,#1638,.F.);
#2327=ORIENTED_EDGE('',*,*,#1639,.F.);
#2328=ORIENTED_EDGE('',*,*,#1640,.T.);
#2329=ORIENTED_EDGE('',*,*,#1641,.F.);
#2330=ORIENTED_EDGE('',*,*,#1640,.F.);
#2331=ORIENTED_EDGE('',*,*,#1637,.F.);
#2332=ORIENTED_EDGE('',*,*,#1350,.T.);
#2333=ORIENTED_EDGE('',*,*,#1542,.T.);
#2334=ORIENTED_EDGE('',*,*,#1642,.T.);
#2335=ORIENTED_EDGE('',*,*,#1636,.T.);
#2336=ORIENTED_EDGE('',*,*,#1642,.F.);
#2337=ORIENTED_EDGE('',*,*,#1535,.T.);
#2338=ORIENTED_EDGE('',*,*,#1643,.T.);
#2339=ORIENTED_EDGE('',*,*,#1641,.T.);
#2340=ORIENTED_EDGE('',*,*,#1643,.F.);
#2341=ORIENTED_EDGE('',*,*,#1541,.T.);
#2342=ORIENTED_EDGE('',*,*,#1644,.T.);
#2343=ORIENTED_EDGE('',*,*,#1626,.T.);
#2344=ORIENTED_EDGE('',*,*,#1644,.F.);
#2345=ORIENTED_EDGE('',*,*,#1536,.T.);
#2346=ORIENTED_EDGE('',*,*,#1645,.T.);
#2347=ORIENTED_EDGE('',*,*,#1631,.T.);
#2348=ORIENTED_EDGE('',*,*,#1645,.F.);
#2349=ORIENTED_EDGE('',*,*,#1370,.F.);
#2350=ORIENTED_EDGE('',*,*,#1556,.T.);
#2351=ORIENTED_EDGE('',*,*,#1554,.F.);
#2352=ORIENTED_EDGE('',*,*,#1646,.T.);
#2353=ORIENTED_EDGE('',*,*,#1372,.F.);
#2354=ORIENTED_EDGE('',*,*,#1646,.F.);
#2355=ORIENTED_EDGE('',*,*,#1553,.F.);
#2356=ORIENTED_EDGE('',*,*,#1380,.F.);
#2357=ORIENTED_EDGE('',*,*,#1434,.F.);
#2358=ORIENTED_EDGE('',*,*,#1647,.T.);
#2359=ORIENTED_EDGE('',*,*,#1592,.F.);
#2360=ORIENTED_EDGE('',*,*,#1648,.T.);
#2361=ORIENTED_EDGE('',*,*,#1431,.F.);
#2362=ORIENTED_EDGE('',*,*,#1649,.F.);
#2363=ORIENTED_EDGE('',*,*,#1594,.F.);
#2364=ORIENTED_EDGE('',*,*,#1647,.F.);
#2365=ORIENTED_EDGE('',*,*,#1428,.F.);
#2366=ORIENTED_EDGE('',*,*,#1492,.T.);
#2367=ORIENTED_EDGE('',*,*,#1596,.F.);
#2368=ORIENTED_EDGE('',*,*,#1649,.T.);
#2369=ORIENTED_EDGE('',*,*,#1446,.F.);
#2370=ORIENTED_EDGE('',*,*,#1650,.T.);
#2371=ORIENTED_EDGE('',*,*,#1584,.F.);
#2372=ORIENTED_EDGE('',*,*,#1611,.T.);
#2373=ORIENTED_EDGE('',*,*,#1443,.F.);
#2374=ORIENTED_EDGE('',*,*,#1651,.F.);
#2375=ORIENTED_EDGE('',*,*,#1586,.F.);
#2376=ORIENTED_EDGE('',*,*,#1650,.F.);
#2377=ORIENTED_EDGE('',*,*,#1440,.F.);
#2378=ORIENTED_EDGE('',*,*,#1652,.T.);
#2379=ORIENTED_EDGE('',*,*,#1588,.F.);
#2380=ORIENTED_EDGE('',*,*,#1651,.T.);
#2381=ORIENTED_EDGE('',*,*,#1537,.F.);
#2382=ORIENTED_EDGE('',*,*,#1653,.T.);
#2383=ORIENTED_EDGE('',*,*,#1327,.T.);
#2384=ORIENTED_EDGE('',*,*,#1653,.F.);
#2385=ORIENTED_EDGE('',*,*,#1538,.F.);
#2386=ORIENTED_EDGE('',*,*,#1654,.T.);
#2387=ORIENTED_EDGE('',*,*,#1328,.T.);
#2388=ORIENTED_EDGE('',*,*,#1654,.F.);
#2389=ORIENTED_EDGE('',*,*,#1539,.F.);
#2390=ORIENTED_EDGE('',*,*,#1655,.T.);
#2391=ORIENTED_EDGE('',*,*,#1329,.T.);
#2392=ORIENTED_EDGE('',*,*,#1655,.F.);
#2393=ORIENTED_EDGE('',*,*,#1439,.F.);
#2394=ORIENTED_EDGE('',*,*,#1648,.F.);
#2395=ORIENTED_EDGE('',*,*,#1591,.F.);
#2396=ORIENTED_EDGE('',*,*,#1652,.F.);
#2397=ORIENTED_EDGE('',*,*,#1540,.F.);
#2398=ORIENTED_EDGE('',*,*,#1656,.T.);
#2399=ORIENTED_EDGE('',*,*,#1330,.T.);
#2400=ORIENTED_EDGE('',*,*,#1656,.F.);
#2401=CONICAL_SURFACE('',#2645,2.65,0.785398163395983);
#2402=CONICAL_SURFACE('',#2687,2.65,0.785398163395983);
#2403=CONICAL_SURFACE('',#2692,2.65,0.785398163397297);
#2404=CONICAL_SURFACE('',#2697,2.65,0.785398163397262);
#2405=CONICAL_SURFACE('',#2702,10.55,0.785398163397408);
#2406=CONICAL_SURFACE('',#2705,10.55,0.785398163397405);
#2407=CONICAL_SURFACE('',#2708,10.55,0.785398163397403);
#2408=CONICAL_SURFACE('',#2711,10.55,0.785398163397405);
#2409=CONICAL_SURFACE('',#2721,4.25,0.785398163397792);
#2410=CONICAL_SURFACE('',#2725,4.25,0.785398163397462);
#2411=CONICAL_SURFACE('',#2728,3.25,0.785398163397449);
#2412=CONICAL_SURFACE('',#2731,4.25,0.785398163397446);
#2413=CONICAL_SURFACE('',#2735,4.24999999999999,0.785398163397447);
#2414=CONICAL_SURFACE('',#2738,3.75,0.785398163397435);
#2415=CONICAL_SURFACE('',#2742,3.75000000000001,0.785398163397439);
#2416=CONICAL_SURFACE('',#2745,4.24999999999999,0.785398163397464);
#2417=CONICAL_SURFACE('',#2749,4.25,0.785398163397461);
#2418=CONICAL_SURFACE('',#2752,3.25,0.785398163397452);
#2419=CONICAL_SURFACE('',#2755,4.25,0.785398163397461);
#2420=CONICAL_SURFACE('',#2759,4.25,0.785398163397813);
#2421=CONICAL_SURFACE('',#2763,4.25,0.785398163399331);
#2422=CONICAL_SURFACE('',#2767,4.25,0.785398163397486);
#2423=CONICAL_SURFACE('',#2770,3.25,0.785398163397449);
#2424=CONICAL_SURFACE('',#2773,4.25,0.785398163397464);
#2425=CONICAL_SURFACE('',#2777,4.25,0.785398163397466);
#2426=CONICAL_SURFACE('',#2780,3.75,0.785398163397458);
#2427=CONICAL_SURFACE('',#2784,3.75,0.785398163397459);
#2428=CONICAL_SURFACE('',#2787,4.25,0.785398163397467);
#2429=CONICAL_SURFACE('',#2791,4.25,0.785398163397444);
#2430=CONICAL_SURFACE('',#2794,3.25,0.785398163397423);
#2431=CONICAL_SURFACE('',#2797,4.25,0.785398163397451);
#2432=CONICAL_SURFACE('',#2801,4.25,0.785398163399324);
#2433=CONICAL_SURFACE('',#2848,10.55,0.785398163397478);
#2434=CONICAL_SURFACE('',#2851,10.55,0.785398163397476);
#2435=CONICAL_SURFACE('',#2853,10.55,0.785398163397471);
#2436=CONICAL_SURFACE('',#2855,10.55,0.785398163397474);
#2437=CONICAL_SURFACE('',#2860,4.25,0.785398163395561);
#2438=CONICAL_SURFACE('',#2862,4.25,0.785398163397431);
#2439=CONICAL_SURFACE('',#2863,3.25,0.785398163397459);
#2440=CONICAL_SURFACE('',#2865,4.25,0.785398163397439);
#2441=CONICAL_SURFACE('',#2868,4.25,0.785398163397455);
#2442=CONICAL_SURFACE('',#2870,3.75,0.785398163397424);
#2443=CONICAL_SURFACE('',#2873,3.75,0.785398163397423);
#2444=CONICAL_SURFACE('',#2875,4.25,0.785398163397453);
#2445=CONICAL_SURFACE('',#2878,4.25,0.785398163397426);
#2446=CONICAL_SURFACE('',#2880,3.25,0.785398163397449);
#2447=CONICAL_SURFACE('',#2882,4.25,0.785398163397396);
#2448=CONICAL_SURFACE('',#2885,4.25000000000001,0.785398163395566);
#2449=CONICAL_SURFACE('',#2888,4.25,0.78539816339707);
#2450=CONICAL_SURFACE('',#2891,4.25,0.785398163397423);
#2451=CONICAL_SURFACE('',#2893,3.25,0.78539816339744);
#2452=CONICAL_SURFACE('',#2894,4.25,0.785398163397418);
#2453=CONICAL_SURFACE('',#2896,4.25,0.785398163397401);
#2454=CONICAL_SURFACE('',#2897,3.75000000000001,0.785398163397434);
#2455=CONICAL_SURFACE('',#2899,3.75,0.785398163397436);
#2456=CONICAL_SURFACE('',#2900,4.25,0.78539816339742);
#2457=CONICAL_SURFACE('',#2902,4.25,0.785398163397436);
#2458=CONICAL_SURFACE('',#2903,3.25000000000001,0.785398163397436);
#2459=CONICAL_SURFACE('',#2904,4.25,0.785398163397424);
#2460=CONICAL_SURFACE('',#2906,4.25,0.78539816339709);
#2461=CONICAL_SURFACE('',#2918,3.65,0.785398163397441);
#2462=CONICAL_SURFACE('',#2924,3.65,0.785398163397441);
#2463=CONICAL_SURFACE('',#2930,3.65,0.785398163397439);
#2464=CONICAL_SURFACE('',#2936,3.65,0.785398163397439);
#2465=CONICAL_SURFACE('',#2942,4.15,0.785398163397272);
#2466=CONICAL_SURFACE('',#2943,4.15,0.78539816339729);
#2467=CONICAL_SURFACE('',#2944,4.15,0.78539816339598);
#2468=CONICAL_SURFACE('',#2945,4.15,0.78539816339598);
#2469=ADVANCED_FACE('',(#131),#2401,.F.);
#2470=ADVANCED_FACE('',(#132,#55,#56,#57,#58,#59,#60,#61,#62,#63),#77,.F.);
#2471=ADVANCED_FACE('',(#133),#15,.F.);
#2472=ADVANCED_FACE('',(#134),#2402,.F.);
#2473=ADVANCED_FACE('',(#135),#16,.F.);
#2474=ADVANCED_FACE('',(#136),#2403,.F.);
#2475=ADVANCED_FACE('',(#137),#17,.F.);
#2476=ADVANCED_FACE('',(#138),#2404,.F.);
#2477=ADVANCED_FACE('',(#139),#18,.F.);
#2478=ADVANCED_FACE('',(#140),#2405,.F.);
#2479=ADVANCED_FACE('',(#141),#78,.T.);
#2480=ADVANCED_FACE('',(#142),#2406,.F.);
#2481=ADVANCED_FACE('',(#143),#79,.T.);
#2482=ADVANCED_FACE('',(#144),#2407,.F.);
#2483=ADVANCED_FACE('',(#145),#80,.T.);
#2484=ADVANCED_FACE('',(#146),#2408,.F.);
#2485=ADVANCED_FACE('',(#147),#81,.T.);
#2486=ADVANCED_FACE('',(#148),#82,.F.);
#2487=ADVANCED_FACE('',(#149),#19,.F.);
#2488=ADVANCED_FACE('',(#150),#83,.F.);
#2489=ADVANCED_FACE('',(#151),#20,.F.);
#2490=ADVANCED_FACE('',(#152),#84,.T.);
#2491=ADVANCED_FACE('',(#153),#2409,.F.);
#2492=ADVANCED_FACE('',(#154),#85,.T.);
#2493=ADVANCED_FACE('',(#155),#2410,.F.);
#2494=ADVANCED_FACE('',(#156),#2411,.T.);
#2495=ADVANCED_FACE('',(#157),#2412,.F.);
#2496=ADVANCED_FACE('',(#158),#86,.T.);
#2497=ADVANCED_FACE('',(#159),#2413,.F.);
#2498=ADVANCED_FACE('',(#160),#2414,.T.);
#2499=ADVANCED_FACE('',(#161),#87,.T.);
#2500=ADVANCED_FACE('',(#162),#2415,.T.);
#2501=ADVANCED_FACE('',(#163),#2416,.F.);
#2502=ADVANCED_FACE('',(#164),#88,.T.);
#2503=ADVANCED_FACE('',(#165),#2417,.F.);
#2504=ADVANCED_FACE('',(#166),#2418,.T.);
#2505=ADVANCED_FACE('',(#167),#2419,.F.);
#2506=ADVANCED_FACE('',(#168),#89,.T.);
#2507=ADVANCED_FACE('',(#169),#2420,.F.);
#2508=ADVANCED_FACE('',(#170),#90,.T.);
#2509=ADVANCED_FACE('',(#171),#2421,.F.);
#2510=ADVANCED_FACE('',(#172),#91,.T.);
#2511=ADVANCED_FACE('',(#173),#2422,.F.);
#2512=ADVANCED_FACE('',(#174),#2423,.T.);
#2513=ADVANCED_FACE('',(#175),#2424,.F.);
#2514=ADVANCED_FACE('',(#176),#92,.T.);
#2515=ADVANCED_FACE('',(#177),#2425,.F.);
#2516=ADVANCED_FACE('',(#178),#2426,.T.);
#2517=ADVANCED_FACE('',(#179),#93,.T.);
#2518=ADVANCED_FACE('',(#180),#2427,.T.);
#2519=ADVANCED_FACE('',(#181),#2428,.F.);
#2520=ADVANCED_FACE('',(#182),#94,.T.);
#2521=ADVANCED_FACE('',(#183),#2429,.F.);
#2522=ADVANCED_FACE('',(#184),#2430,.T.);
#2523=ADVANCED_FACE('',(#185),#2431,.F.);
#2524=ADVANCED_FACE('',(#186),#95,.T.);
#2525=ADVANCED_FACE('',(#187),#2432,.F.);
#2526=ADVANCED_FACE('',(#188),#21,.T.);
#2527=ADVANCED_FACE('',(#189),#22,.F.);
#2528=ADVANCED_FACE('',(#190),#96,.T.);
#2529=ADVANCED_FACE('',(#191),#23,.F.);
#2530=ADVANCED_FACE('',(#192),#24,.T.);
#2531=ADVANCED_FACE('',(#193),#97,.T.);
#2532=ADVANCED_FACE('',(#194),#25,.T.);
#2533=ADVANCED_FACE('',(#195),#26,.F.);
#2534=ADVANCED_FACE('',(#196),#98,.T.);
#2535=ADVANCED_FACE('',(#197),#27,.F.);
#2536=ADVANCED_FACE('',(#198),#28,.T.);
#2537=ADVANCED_FACE('',(#199),#29,.F.);
#2538=ADVANCED_FACE('',(#200),#99,.T.);
#2539=ADVANCED_FACE('',(#201),#30,.F.);
#2540=ADVANCED_FACE('',(#202),#100,.T.);
#2541=ADVANCED_FACE('',(#203),#31,.F.);
#2542=ADVANCED_FACE('',(#204),#101,.T.);
#2543=ADVANCED_FACE('',(#205),#32,.F.);
#2544=ADVANCED_FACE('',(#206,#64,#65,#66,#67,#68,#69,#70,#71,#72),#102,
 .T.);
#2545=ADVANCED_FACE('',(#207),#103,.T.);
#2546=ADVANCED_FACE('',(#208),#2433,.F.);
#2547=ADVANCED_FACE('',(#209),#104,.T.);
#2548=ADVANCED_FACE('',(#210),#2434,.F.);
#2549=ADVANCED_FACE('',(#211),#105,.T.);
#2550=ADVANCED_FACE('',(#212),#2435,.F.);
#2551=ADVANCED_FACE('',(#213),#106,.T.);
#2552=ADVANCED_FACE('',(#214),#2436,.F.);
#2553=ADVANCED_FACE('',(#215),#33,.F.);
#2554=ADVANCED_FACE('',(#216),#107,.F.);
#2555=ADVANCED_FACE('',(#217),#108,.T.);
#2556=ADVANCED_FACE('',(#218),#2437,.F.);
#2557=ADVANCED_FACE('',(#219),#109,.T.);
#2558=ADVANCED_FACE('',(#220),#2438,.F.);
#2559=ADVANCED_FACE('',(#221),#2439,.T.);
#2560=ADVANCED_FACE('',(#222),#2440,.F.);
#2561=ADVANCED_FACE('',(#223),#110,.T.);
#2562=ADVANCED_FACE('',(#224),#2441,.F.);
#2563=ADVANCED_FACE('',(#225),#2442,.T.);
#2564=ADVANCED_FACE('',(#226),#111,.T.);
#2565=ADVANCED_FACE('',(#227),#2443,.T.);
#2566=ADVANCED_FACE('',(#228),#2444,.F.);
#2567=ADVANCED_FACE('',(#229),#112,.T.);
#2568=ADVANCED_FACE('',(#230),#2445,.F.);
#2569=ADVANCED_FACE('',(#231),#2446,.T.);
#2570=ADVANCED_FACE('',(#232),#2447,.F.);
#2571=ADVANCED_FACE('',(#233),#113,.T.);
#2572=ADVANCED_FACE('',(#234),#2448,.F.);
#2573=ADVANCED_FACE('',(#235),#114,.T.);
#2574=ADVANCED_FACE('',(#236),#2449,.F.);
#2575=ADVANCED_FACE('',(#237),#115,.T.);
#2576=ADVANCED_FACE('',(#238),#2450,.F.);
#2577=ADVANCED_FACE('',(#239),#2451,.T.);
#2578=ADVANCED_FACE('',(#240),#2452,.F.);
#2579=ADVANCED_FACE('',(#241),#116,.T.);
#2580=ADVANCED_FACE('',(#242),#2453,.F.);
#2581=ADVANCED_FACE('',(#243),#2454,.T.);
#2582=ADVANCED_FACE('',(#244),#117,.T.);
#2583=ADVANCED_FACE('',(#245),#2455,.T.);
#2584=ADVANCED_FACE('',(#246),#2456,.F.);
#2585=ADVANCED_FACE('',(#247),#118,.T.);
#2586=ADVANCED_FACE('',(#248),#2457,.F.);
#2587=ADVANCED_FACE('',(#249),#2458,.T.);
#2588=ADVANCED_FACE('',(#250),#2459,.F.);
#2589=ADVANCED_FACE('',(#251),#119,.T.);
#2590=ADVANCED_FACE('',(#252),#2460,.F.);
#2591=ADVANCED_FACE('',(#253),#34,.T.);
#2592=ADVANCED_FACE('',(#254),#35,.F.);
#2593=ADVANCED_FACE('',(#255),#120,.T.);
#2594=ADVANCED_FACE('',(#256),#36,.F.);
#2595=ADVANCED_FACE('',(#257),#37,.T.);
#2596=ADVANCED_FACE('',(#258),#121,.T.);
#2597=ADVANCED_FACE('',(#259),#38,.T.);
#2598=ADVANCED_FACE('',(#260),#39,.F.);
#2599=ADVANCED_FACE('',(#261),#122,.T.);
#2600=ADVANCED_FACE('',(#262),#40,.F.);
#2601=ADVANCED_FACE('',(#263),#41,.T.);
#2602=ADVANCED_FACE('',(#264),#2461,.T.);
#2603=ADVANCED_FACE('',(#265),#42,.T.);
#2604=ADVANCED_FACE('',(#266,#73),#123,.T.);
#2605=ADVANCED_FACE('',(#267),#2462,.T.);
#2606=ADVANCED_FACE('',(#268),#43,.T.);
#2607=ADVANCED_FACE('',(#269,#74),#124,.T.);
#2608=ADVANCED_FACE('',(#270),#2463,.T.);
#2609=ADVANCED_FACE('',(#271),#44,.T.);
#2610=ADVANCED_FACE('',(#272,#75),#125,.T.);
#2611=ADVANCED_FACE('',(#273),#2464,.T.);
#2612=ADVANCED_FACE('',(#274),#45,.T.);
#2613=ADVANCED_FACE('',(#275,#76),#126,.T.);
#2614=ADVANCED_FACE('',(#276),#2465,.T.);
#2615=ADVANCED_FACE('',(#277),#2466,.T.);
#2616=ADVANCED_FACE('',(#278),#2467,.T.);
#2617=ADVANCED_FACE('',(#279),#2468,.T.);
#2618=ADVANCED_FACE('',(#280),#46,.F.);
#2619=ADVANCED_FACE('',(#281),#127,.F.);
#2620=ADVANCED_FACE('',(#282),#47,.F.);
#2621=ADVANCED_FACE('',(#283),#128,.T.);
#2622=ADVANCED_FACE('',(#284),#48,.F.);
#2623=ADVANCED_FACE('',(#285),#49,.F.);
#2624=ADVANCED_FACE('',(#286),#129,.T.);
#2625=ADVANCED_FACE('',(#287),#50,.F.);
#2626=ADVANCED_FACE('',(#288),#51,.F.);
#2627=ADVANCED_FACE('',(#289),#52,.F.);
#2628=ADVANCED_FACE('',(#290),#53,.F.);
#2629=ADVANCED_FACE('',(#291),#130,.T.);
#2630=ADVANCED_FACE('',(#292),#54,.F.);
#2631=CLOSED_SHELL('',(#2469,#2470,#2471,#2472,#2473,#2474,#2475,#2476,
#2477,#2478,#2479,#2480,#2481,#2482,#2483,#2484,#2485,#2486,#2487,#2488,
#2489,#2490,#2491,#2492,#2493,#2494,#2495,#2496,#2497,#2498,#2499,#2500,
#2501,#2502,#2503,#2504,#2505,#2506,#2507,#2508,#2509,#2510,#2511,#2512,
#2513,#2514,#2515,#2516,#2517,#2518,#2519,#2520,#2521,#2522,#2523,#2524,
#2525,#2526,#2527,#2528,#2529,#2530,#2531,#2532,#2533,#2534,#2535,#2536,
#2537,#2538,#2539,#2540,#2541,#2542,#2543,#2544,#2545,#2546,#2547,#2548,
#2549,#2550,#2551,#2552,#2553,#2554,#2555,#2556,#2557,#2558,#2559,#2560,
#2561,#2562,#2563,#2564,#2565,#2566,#2567,#2568,#2569,#2570,#2571,#2572,
#2573,#2574,#2575,#2576,#2577,#2578,#2579,#2580,#2581,#2582,#2583,#2584,
#2585,#2586,#2587,#2588,#2589,#2590,#2591,#2592,#2593,#2594,#2595,#2596,
#2597,#2598,#2599,#2600,#2601,#2602,#2603,#2604,#2605,#2606,#2607,#2608,
#2609,#2610,#2611,#2612,#2613,#2614,#2615,#2616,#2617,#2618,#2619,#2620,
#2621,#2622,#2623,#2624,#2625,#2626,#2627,#2628,#2629,#2630));
#2632=DERIVED_UNIT_ELEMENT(#2634,1.);
#2633=DERIVED_UNIT_ELEMENT(#4565,-3.);
#2634=(
MASS_UNIT()
NAMED_UNIT(*)
SI_UNIT(.KILO.,.GRAM.)
);
#2635=DERIVED_UNIT((#2632,#2633));
#2636=MEASURE_REPRESENTATION_ITEM('density measure',
POSITIVE_RATIO_MEASURE(7850.),#2635);
#2637=PROPERTY_DEFINITION_REPRESENTATION(#2642,#2639);
#2638=PROPERTY_DEFINITION_REPRESENTATION(#2643,#2640);
#2639=REPRESENTATION('material name',(#2641),#4562);
#2640=REPRESENTATION('density',(#2636),#4562);
#2641=DESCRIPTIVE_REPRESENTATION_ITEM('Steel','Steel');
#2642=PROPERTY_DEFINITION('material property','material name',#4572);
#2643=PROPERTY_DEFINITION('material property','density of part',#4572);
#2644=AXIS2_PLACEMENT_3D('',#3809,#2959,#2960);
#2645=AXIS2_PLACEMENT_3D('',#3810,#2961,#2962);
#2646=AXIS2_PLACEMENT_3D('',#3812,#2963,#2964);
#2647=AXIS2_PLACEMENT_3D('',#3816,#2966,#2967);
#2648=AXIS2_PLACEMENT_3D('',#3817,#2968,#2969);
#2649=AXIS2_PLACEMENT_3D('',#3818,#2970,#2971);
#2650=AXIS2_PLACEMENT_3D('',#3823,#2973,#2974);
#2651=AXIS2_PLACEMENT_3D('',#3827,#2976,#2977);
#2652=AXIS2_PLACEMENT_3D('',#3829,#2978,#2979);
#2653=AXIS2_PLACEMENT_3D('',#3831,#2980,#2981);
#2654=AXIS2_PLACEMENT_3D('',#3835,#2983,#2984);
#2655=AXIS2_PLACEMENT_3D('',#3837,#2985,#2986);
#2656=AXIS2_PLACEMENT_3D('',#3841,#2988,#2989);
#2657=AXIS2_PLACEMENT_3D('',#3843,#2990,#2991);
#2658=AXIS2_PLACEMENT_3D('',#3847,#2993,#2994);
#2659=AXIS2_PLACEMENT_3D('',#3849,#2995,#2996);
#2660=AXIS2_PLACEMENT_3D('',#3851,#2997,#2998);
#2661=AXIS2_PLACEMENT_3D('',#3855,#3000,#3001);
#2662=AXIS2_PLACEMENT_3D('',#3859,#3003,#3004);
#2663=AXIS2_PLACEMENT_3D('',#3863,#3006,#3007);
#2664=AXIS2_PLACEMENT_3D('',#3865,#3008,#3009);
#2665=AXIS2_PLACEMENT_3D('',#3867,#3010,#3011);
#2666=AXIS2_PLACEMENT_3D('',#3871,#3013,#3014);
#2667=AXIS2_PLACEMENT_3D('',#3873,#3015,#3016);
#2668=AXIS2_PLACEMENT_3D('',#3877,#3018,#3019);
#2669=AXIS2_PLACEMENT_3D('',#3879,#3020,#3021);
#2670=AXIS2_PLACEMENT_3D('',#3883,#3023,#3024);
#2671=AXIS2_PLACEMENT_3D('',#3885,#3025,#3026);
#2672=AXIS2_PLACEMENT_3D('',#3887,#3027,#3028);
#2673=AXIS2_PLACEMENT_3D('',#3890,#3030,#3031);
#2674=AXIS2_PLACEMENT_3D('',#3892,#3032,#3033);
#2675=AXIS2_PLACEMENT_3D('',#3894,#3034,#3035);
#2676=AXIS2_PLACEMENT_3D('',#3896,#3036,#3037);
#2677=AXIS2_PLACEMENT_3D('',#3898,#3038,#3039);
#2678=AXIS2_PLACEMENT_3D('',#3900,#3040,#3041);
#2679=AXIS2_PLACEMENT_3D('',#3902,#3042,#3043);
#2680=AXIS2_PLACEMENT_3D('',#3905,#3044,#3045);
#2681=AXIS2_PLACEMENT_3D('',#3909,#3047,#3048);
#2682=AXIS2_PLACEMENT_3D('',#3913,#3050,#3051);
#2683=AXIS2_PLACEMENT_3D('',#3917,#3053,#3054);
#2684=AXIS2_PLACEMENT_3D('',#3920,#3056,#3057);
#2685=AXIS2_PLACEMENT_3D('',#3921,#3058,#3059);
#2686=AXIS2_PLACEMENT_3D('',#3923,#3060,#3061);
#2687=AXIS2_PLACEMENT_3D('',#3925,#3063,#3064);
#2688=AXIS2_PLACEMENT_3D('',#3929,#3066,#3067);
#2689=AXIS2_PLACEMENT_3D('',#3930,#3068,#3069);
#2690=AXIS2_PLACEMENT_3D('',#3931,#3070,#3071);
#2691=AXIS2_PLACEMENT_3D('',#3933,#3072,#3073);
#2692=AXIS2_PLACEMENT_3D('',#3935,#3075,#3076);
#2693=AXIS2_PLACEMENT_3D('',#3939,#3078,#3079);
#2694=AXIS2_PLACEMENT_3D('',#3940,#3080,#3081);
#2695=AXIS2_PLACEMENT_3D('',#3941,#3082,#3083);
#2696=AXIS2_PLACEMENT_3D('',#3943,#3084,#3085);
#2697=AXIS2_PLACEMENT_3D('',#3945,#3087,#3088);
#2698=AXIS2_PLACEMENT_3D('',#3949,#3090,#3091);
#2699=AXIS2_PLACEMENT_3D('',#3950,#3092,#3093);
#2700=AXIS2_PLACEMENT_3D('',#3951,#3094,#3095);
#2701=AXIS2_PLACEMENT_3D('',#3953,#3096,#3097);
#2702=AXIS2_PLACEMENT_3D('',#3955,#3099,#3100);
#2703=AXIS2_PLACEMENT_3D('',#3960,#3103,#3104);
#2704=AXIS2_PLACEMENT_3D('',#3961,#3105,#3106);
#2705=AXIS2_PLACEMENT_3D('',#3965,#3109,#3110);
#2706=AXIS2_PLACEMENT_3D('',#3967,#3111,#3112);
#2707=AXIS2_PLACEMENT_3D('',#3969,#3114,#3115);
#2708=AXIS2_PLACEMENT_3D('',#3973,#3118,#3119);
#2709=AXIS2_PLACEMENT_3D('',#3976,#3121,#3122);
#2710=AXIS2_PLACEMENT_3D('',#3977,#3123,#3124);
#2711=AXIS2_PLACEMENT_3D('',#3981,#3127,#3128);
#2712=AXIS2_PLACEMENT_3D('',#3983,#3129,#3130);
#2713=AXIS2_PLACEMENT_3D('',#3985,#3132,#3133);
#2714=AXIS2_PLACEMENT_3D('',#3987,#3135,#3136);
#2715=AXIS2_PLACEMENT_3D('',#3993,#3140,#3141);
#2716=AXIS2_PLACEMENT_3D('',#3996,#3143,#3144);
#2717=AXIS2_PLACEMENT_3D('',#3997,#3145,#3146);
#2718=AXIS2_PLACEMENT_3D('',#4001,#3149,#3150);
#2719=AXIS2_PLACEMENT_3D('',#4004,#3152,#3153);
#2720=AXIS2_PLACEMENT_3D('',#4005,#3154,#3155);
#2721=AXIS2_PLACEMENT_3D('',#4014,#3160,#3161);
#2722=AXIS2_PLACEMENT_3D('',#4016,#3162,#3163);
#2723=AXIS2_PLACEMENT_3D('',#4019,#3165,#3166);
#2724=AXIS2_PLACEMENT_3D('',#4020,#3167,#3168);
#2725=AXIS2_PLACEMENT_3D('',#4026,#3172,#3173);
#2726=AXIS2_PLACEMENT_3D('',#4028,#3174,#3175);
#2727=AXIS2_PLACEMENT_3D('',#4031,#3177,#3178);
#2728=AXIS2_PLACEMENT_3D('',#4032,#3179,#3180);
#2729=AXIS2_PLACEMENT_3D('',#4036,#3182,#3183);
#2730=AXIS2_PLACEMENT_3D('',#4037,#3184,#3185);
#2731=AXIS2_PLACEMENT_3D('',#4038,#3186,#3187);
#2732=AXIS2_PLACEMENT_3D('',#4040,#3188,#3189);
#2733=AXIS2_PLACEMENT_3D('',#4043,#3191,#3192);
#2734=AXIS2_PLACEMENT_3D('',#4044,#3193,#3194);
#2735=AXIS2_PLACEMENT_3D('',#4050,#3198,#3199);
#2736=AXIS2_PLACEMENT_3D('',#4052,#3200,#3201);
#2737=AXIS2_PLACEMENT_3D('',#4055,#3203,#3204);
#2738=AXIS2_PLACEMENT_3D('',#4056,#3205,#3206);
#2739=AXIS2_PLACEMENT_3D('',#4060,#3208,#3209);
#2740=AXIS2_PLACEMENT_3D('',#4061,#3210,#3211);
#2741=AXIS2_PLACEMENT_3D('',#4062,#3212,#3213);
#2742=AXIS2_PLACEMENT_3D('',#4068,#3217,#3218);
#2743=AXIS2_PLACEMENT_3D('',#4072,#3220,#3221);
#2744=AXIS2_PLACEMENT_3D('',#4073,#3222,#3223);
#2745=AXIS2_PLACEMENT_3D('',#4074,#3224,#3225);
#2746=AXIS2_PLACEMENT_3D('',#4076,#3226,#3227);
#2747=AXIS2_PLACEMENT_3D('',#4079,#3229,#3230);
#2748=AXIS2_PLACEMENT_3D('',#4080,#3231,#3232);
#2749=AXIS2_PLACEMENT_3D('',#4086,#3236,#3237);
#2750=AXIS2_PLACEMENT_3D('',#4088,#3238,#3239);
#2751=AXIS2_PLACEMENT_3D('',#4091,#3241,#3242);
#2752=AXIS2_PLACEMENT_3D('',#4092,#3243,#3244);
#2753=AXIS2_PLACEMENT_3D('',#4096,#3246,#3247);
#2754=AXIS2_PLACEMENT_3D('',#4097,#3248,#3249);
#2755=AXIS2_PLACEMENT_3D('',#4098,#3250,#3251);
#2756=AXIS2_PLACEMENT_3D('',#4100,#3252,#3253);
#2757=AXIS2_PLACEMENT_3D('',#4103,#3255,#3256);
#2758=AXIS2_PLACEMENT_3D('',#4104,#3257,#3258);
#2759=AXIS2_PLACEMENT_3D('',#4110,#3262,#3263);
#2760=AXIS2_PLACEMENT_3D('',#4112,#3264,#3265);
#2761=AXIS2_PLACEMENT_3D('',#4115,#3267,#3268);
#2762=AXIS2_PLACEMENT_3D('',#4116,#3269,#3270);
#2763=AXIS2_PLACEMENT_3D('',#4122,#3274,#3275);
#2764=AXIS2_PLACEMENT_3D('',#4124,#3276,#3277);
#2765=AXIS2_PLACEMENT_3D('',#4127,#3279,#3280);
#2766=AXIS2_PLACEMENT_3D('',#4128,#3281,#3282);
#2767=AXIS2_PLACEMENT_3D('',#4134,#3286,#3287);
#2768=AXIS2_PLACEMENT_3D('',#4136,#3288,#3289);
#2769=AXIS2_PLACEMENT_3D('',#4139,#3291,#3292);
#2770=AXIS2_PLACEMENT_3D('',#4140,#3293,#3294);
#2771=AXIS2_PLACEMENT_3D('',#4144,#3296,#3297);
#2772=AXIS2_PLACEMENT_3D('',#4145,#3298,#3299);
#2773=AXIS2_PLACEMENT_3D('',#4146,#3300,#3301);
#2774=AXIS2_PLACEMENT_3D('',#4148,#3302,#3303);
#2775=AXIS2_PLACEMENT_3D('',#4151,#3305,#3306);
#2776=AXIS2_PLACEMENT_3D('',#4152,#3307,#3308);
#2777=AXIS2_PLACEMENT_3D('',#4158,#3312,#3313);
#2778=AXIS2_PLACEMENT_3D('',#4160,#3314,#3315);
#2779=AXIS2_PLACEMENT_3D('',#4163,#3317,#3318);
#2780=AXIS2_PLACEMENT_3D('',#4164,#3319,#3320);
#2781=AXIS2_PLACEMENT_3D('',#4168,#3322,#3323);
#2782=AXIS2_PLACEMENT_3D('',#4169,#3324,#3325);
#2783=AXIS2_PLACEMENT_3D('',#4170,#3326,#3327);
#2784=AXIS2_PLACEMENT_3D('',#4176,#3331,#3332);
#2785=AXIS2_PLACEMENT_3D('',#4180,#3334,#3335);
#2786=AXIS2_PLACEMENT_3D('',#4181,#3336,#3337);
#2787=AXIS2_PLACEMENT_3D('',#4182,#3338,#3339);
#2788=AXIS2_PLACEMENT_3D('',#4184,#3340,#3341);
#2789=AXIS2_PLACEMENT_3D('',#4187,#3343,#3344);
#2790=AXIS2_PLACEMENT_3D('',#4188,#3345,#3346);
#2791=AXIS2_PLACEMENT_3D('',#4194,#3350,#3351);
#2792=AXIS2_PLACEMENT_3D('',#4196,#3352,#3353);
#2793=AXIS2_PLACEMENT_3D('',#4199,#3355,#3356);
#2794=AXIS2_PLACEMENT_3D('',#4200,#3357,#3358);
#2795=AXIS2_PLACEMENT_3D('',#4204,#3360,#3361);
#2796=AXIS2_PLACEMENT_3D('',#4205,#3362,#3363);
#2797=AXIS2_PLACEMENT_3D('',#4206,#3364,#3365);
#2798=AXIS2_PLACEMENT_3D('',#4208,#3366,#3367);
#2799=AXIS2_PLACEMENT_3D('',#4211,#3369,#3370);
#2800=AXIS2_PLACEMENT_3D('',#4212,#3371,#3372);
#2801=AXIS2_PLACEMENT_3D('',#4218,#3376,#3377);
#2802=AXIS2_PLACEMENT_3D('',#4219,#3378,#3379);
#2803=AXIS2_PLACEMENT_3D('',#4220,#3380,#3381);
#2804=AXIS2_PLACEMENT_3D('',#4221,#3382,#3383);
#2805=AXIS2_PLACEMENT_3D('',#4225,#3385,#3386);
#2806=AXIS2_PLACEMENT_3D('',#4227,#3388,#3389);
#2807=AXIS2_PLACEMENT_3D('',#4230,#3391,#3392);
#2808=AXIS2_PLACEMENT_3D('',#4231,#3393,#3394);
#2809=AXIS2_PLACEMENT_3D('',#4235,#3397,#3398);
#2810=AXIS2_PLACEMENT_3D('',#4238,#3400,#3401);
#2811=AXIS2_PLACEMENT_3D('',#4239,#3402,#3403);
#2812=AXIS2_PLACEMENT_3D('',#4242,#3405,#3406);
#2813=AXIS2_PLACEMENT_3D('',#4243,#3407,#3408);
#2814=AXIS2_PLACEMENT_3D('',#4247,#3411,#3412);
#2815=AXIS2_PLACEMENT_3D('',#4250,#3414,#3415);
#2816=AXIS2_PLACEMENT_3D('',#4251,#3416,#3417);
#2817=AXIS2_PLACEMENT_3D('',#4254,#3419,#3420);
#2818=AXIS2_PLACEMENT_3D('',#4255,#3421,#3422);
#2819=AXIS2_PLACEMENT_3D('',#4259,#3425,#3426);
#2820=AXIS2_PLACEMENT_3D('',#4262,#3428,#3429);
#2821=AXIS2_PLACEMENT_3D('',#4263,#3430,#3431);
#2822=AXIS2_PLACEMENT_3D('',#4266,#3433,#3434);
#2823=AXIS2_PLACEMENT_3D('',#4267,#3435,#3436);
#2824=AXIS2_PLACEMENT_3D('',#4270,#3438,#3439);
#2825=AXIS2_PLACEMENT_3D('',#4271,#3440,#3441);
#2826=AXIS2_PLACEMENT_3D('',#4275,#3444,#3445);
#2827=AXIS2_PLACEMENT_3D('',#4278,#3447,#3448);
#2828=AXIS2_PLACEMENT_3D('',#4279,#3449,#3450);
#2829=AXIS2_PLACEMENT_3D('',#4283,#3453,#3454);
#2830=AXIS2_PLACEMENT_3D('',#4286,#3456,#3457);
#2831=AXIS2_PLACEMENT_3D('',#4287,#3458,#3459);
#2832=AXIS2_PLACEMENT_3D('',#4291,#3462,#3463);
#2833=AXIS2_PLACEMENT_3D('',#4294,#3465,#3466);
#2834=AXIS2_PLACEMENT_3D('',#4295,#3467,#3468);
#2835=AXIS2_PLACEMENT_3D('',#4300,#3470,#3471);
#2836=AXIS2_PLACEMENT_3D('',#4304,#3473,#3474);
#2837=AXIS2_PLACEMENT_3D('',#4308,#3476,#3477);
#2838=AXIS2_PLACEMENT_3D('',#4311,#3479,#3480);
#2839=AXIS2_PLACEMENT_3D('',#4313,#3481,#3482);
#2840=AXIS2_PLACEMENT_3D('',#4315,#3483,#3484);
#2841=AXIS2_PLACEMENT_3D('',#4317,#3485,#3486);
#2842=AXIS2_PLACEMENT_3D('',#4319,#3487,#3488);
#2843=AXIS2_PLACEMENT_3D('',#4321,#3489,#3490);
#2844=AXIS2_PLACEMENT_3D('',#4323,#3491,#3492);
#2845=AXIS2_PLACEMENT_3D('',#4325,#3493,#3494);
#2846=AXIS2_PLACEMENT_3D('',#4327,#3495,#3496);
#2847=AXIS2_PLACEMENT_3D('',#4328,#3497,#3498);
#2848=AXIS2_PLACEMENT_3D('',#4334,#3502,#3503);
#2849=AXIS2_PLACEMENT_3D('',#4335,#3504,#3505);
#2850=AXIS2_PLACEMENT_3D('',#4337,#3507,#3508);
#2851=AXIS2_PLACEMENT_3D('',#4339,#3510,#3511);
#2852=AXIS2_PLACEMENT_3D('',#4341,#3513,#3514);
#2853=AXIS2_PLACEMENT_3D('',#4343,#3516,#3517);
#2854=AXIS2_PLACEMENT_3D('',#4345,#3519,#3520);
#2855=AXIS2_PLACEMENT_3D('',#4349,#3523,#3524);
#2856=AXIS2_PLACEMENT_3D('',#4350,#3525,#3526);
#2857=AXIS2_PLACEMENT_3D('',#4351,#3527,#3528);
#2858=AXIS2_PLACEMENT_3D('',#4353,#3530,#3531);
#2859=AXIS2_PLACEMENT_3D('',#4355,#3533,#3534);
#2860=AXIS2_PLACEMENT_3D('',#4358,#3537,#3538);
#2861=AXIS2_PLACEMENT_3D('',#4360,#3540,#3541);
#2862=AXIS2_PLACEMENT_3D('',#4362,#3543,#3544);
#2863=AXIS2_PLACEMENT_3D('',#4364,#3546,#3547);
#2864=AXIS2_PLACEMENT_3D('',#4366,#3548,#3549);
#2865=AXIS2_PLACEMENT_3D('',#4368,#3551,#3552);
#2866=AXIS2_PLACEMENT_3D('',#4370,#3553,#3554);
#2867=AXIS2_PLACEMENT_3D('',#4372,#3556,#3557);
#2868=AXIS2_PLACEMENT_3D('',#4376,#3560,#3561);
#2869=AXIS2_PLACEMENT_3D('',#4378,#3562,#3563);
#2870=AXIS2_PLACEMENT_3D('',#4380,#3565,#3566);
#2871=AXIS2_PLACEMENT_3D('',#4382,#3567,#3568);
#2872=AXIS2_PLACEMENT_3D('',#4384,#3570,#3571);
#2873=AXIS2_PLACEMENT_3D('',#4388,#3574,#3575);
#2874=AXIS2_PLACEMENT_3D('',#4390,#3576,#3577);
#2875=AXIS2_PLACEMENT_3D('',#4392,#3579,#3580);
#2876=AXIS2_PLACEMENT_3D('',#4394,#3581,#3582);
#2877=AXIS2_PLACEMENT_3D('',#4396,#3584,#3585);
#2878=AXIS2_PLACEMENT_3D('',#4400,#3588,#3589);
#2879=AXIS2_PLACEMENT_3D('',#4402,#3590,#3591);
#2880=AXIS2_PLACEMENT_3D('',#4404,#3593,#3594);
#2881=AXIS2_PLACEMENT_3D('',#4406,#3595,#3596);
#2882=AXIS2_PLACEMENT_3D('',#4408,#3598,#3599);
#2883=AXIS2_PLACEMENT_3D('',#4410,#3600,#3601);
#2884=AXIS2_PLACEMENT_3D('',#4412,#3603,#3604);
#2885=AXIS2_PLACEMENT_3D('',#4416,#3607,#3608);
#2886=AXIS2_PLACEMENT_3D('',#4418,#3609,#3610);
#2887=AXIS2_PLACEMENT_3D('',#4420,#3612,#3613);
#2888=AXIS2_PLACEMENT_3D('',#4424,#3616,#3617);
#2889=AXIS2_PLACEMENT_3D('',#4426,#3618,#3619);
#2890=AXIS2_PLACEMENT_3D('',#4428,#3621,#3622);
#2891=AXIS2_PLACEMENT_3D('',#4432,#3625,#3626);
#2892=AXIS2_PLACEMENT_3D('',#4433,#3627,#3628);
#2893=AXIS2_PLACEMENT_3D('',#4435,#3630,#3631);
#2894=AXIS2_PLACEMENT_3D('',#4437,#3633,#3634);
#2895=AXIS2_PLACEMENT_3D('',#4439,#3636,#3637);
#2896=AXIS2_PLACEMENT_3D('',#4441,#3639,#3640);
#2897=AXIS2_PLACEMENT_3D('',#4443,#3642,#3643);
#2898=AXIS2_PLACEMENT_3D('',#4445,#3645,#3646);
#2899=AXIS2_PLACEMENT_3D('',#4447,#3648,#3649);
#2900=AXIS2_PLACEMENT_3D('',#4449,#3651,#3652);
#2901=AXIS2_PLACEMENT_3D('',#4451,#3654,#3655);
#2902=AXIS2_PLACEMENT_3D('',#4453,#3657,#3658);
#2903=AXIS2_PLACEMENT_3D('',#4455,#3660,#3661);
#2904=AXIS2_PLACEMENT_3D('',#4457,#3663,#3664);
#2905=AXIS2_PLACEMENT_3D('',#4459,#3666,#3667);
#2906=AXIS2_PLACEMENT_3D('',#4461,#3669,#3670);
#2907=AXIS2_PLACEMENT_3D('',#4462,#3671,#3672);
#2908=AXIS2_PLACEMENT_3D('',#4465,#3675,#3676);
#2909=AXIS2_PLACEMENT_3D('',#4467,#3678,#3679);
#2910=AXIS2_PLACEMENT_3D('',#4469,#3681,#3682);
#2911=AXIS2_PLACEMENT_3D('',#4471,#3684,#3685);
#2912=AXIS2_PLACEMENT_3D('',#4473,#3687,#3688);
#2913=AXIS2_PLACEMENT_3D('',#4475,#3690,#3691);
#2914=AXIS2_PLACEMENT_3D('',#4477,#3693,#3694);
#2915=AXIS2_PLACEMENT_3D('',#4479,#3696,#3697);
#2916=AXIS2_PLACEMENT_3D('',#4481,#3699,#3700);
#2917=AXIS2_PLACEMENT_3D('',#4483,#3702,#3703);
#2918=AXIS2_PLACEMENT_3D('',#4484,#3704,#3705);
#2919=AXIS2_PLACEMENT_3D('',#4486,#3706,#3707);
#2920=AXIS2_PLACEMENT_3D('',#4489,#3709,#3710);
#2921=AXIS2_PLACEMENT_3D('',#4490,#3711,#3712);
#2922=AXIS2_PLACEMENT_3D('',#4493,#3714,#3715);
#2923=AXIS2_PLACEMENT_3D('',#4494,#3716,#3717);
#2924=AXIS2_PLACEMENT_3D('',#4495,#3718,#3719);
#2925=AXIS2_PLACEMENT_3D('',#4497,#3720,#3721);
#2926=AXIS2_PLACEMENT_3D('',#4500,#3723,#3724);
#2927=AXIS2_PLACEMENT_3D('',#4501,#3725,#3726);
#2928=AXIS2_PLACEMENT_3D('',#4504,#3728,#3729);
#2929=AXIS2_PLACEMENT_3D('',#4505,#3730,#3731);
#2930=AXIS2_PLACEMENT_3D('',#4506,#3732,#3733);
#2931=AXIS2_PLACEMENT_3D('',#4508,#3734,#3735);
#2932=AXIS2_PLACEMENT_3D('',#4511,#3737,#3738);
#2933=AXIS2_PLACEMENT_3D('',#4512,#3739,#3740);
#2934=AXIS2_PLACEMENT_3D('',#4515,#3742,#3743);
#2935=AXIS2_PLACEMENT_3D('',#4516,#3744,#3745);
#2936=AXIS2_PLACEMENT_3D('',#4517,#3746,#3747);
#2937=AXIS2_PLACEMENT_3D('',#4519,#3748,#3749);
#2938=AXIS2_PLACEMENT_3D('',#4522,#3751,#3752);
#2939=AXIS2_PLACEMENT_3D('',#4523,#3753,#3754);
#2940=AXIS2_PLACEMENT_3D('',#4526,#3756,#3757);
#2941=AXIS2_PLACEMENT_3D('',#4527,#3758,#3759);
#2942=AXIS2_PLACEMENT_3D('',#4528,#3760,#3761);
#2943=AXIS2_PLACEMENT_3D('',#4530,#3763,#3764);
#2944=AXIS2_PLACEMENT_3D('',#4532,#3766,#3767);
#2945=AXIS2_PLACEMENT_3D('',#4534,#3769,#3770);
#2946=AXIS2_PLACEMENT_3D('',#4536,#3772,#3773);
#2947=AXIS2_PLACEMENT_3D('',#4538,#3775,#3776);
#2948=AXIS2_PLACEMENT_3D('',#4539,#3777,#3778);
#2949=AXIS2_PLACEMENT_3D('',#4542,#3781,#3782);
#2950=AXIS2_PLACEMENT_3D('',#4544,#3784,#3785);
#2951=AXIS2_PLACEMENT_3D('',#4545,#3786,#3787);
#2952=AXIS2_PLACEMENT_3D('',#4547,#3789,#3790);
#2953=AXIS2_PLACEMENT_3D('',#4549,#3792,#3793);
#2954=AXIS2_PLACEMENT_3D('',#4551,#3795,#3796);
#2955=AXIS2_PLACEMENT_3D('',#4553,#3798,#3799);
#2956=AXIS2_PLACEMENT_3D('',#4555,#3801,#3802);
#2957=AXIS2_PLACEMENT_3D('',#4557,#3804,#3805);
#2958=AXIS2_PLACEMENT_3D('',#4558,#3806,#3807);
#2959=DIRECTION('axis',(0.,0.,1.));
#2960=DIRECTION('refdir',(1.,0.,0.));
#2961=DIRECTION('center_axis',(-1.11022302462191E-14,1.,0.));
#2962=DIRECTION('ref_axis',(7.54599260419043E-31,-6.7481085020041E-17,1.));
#2963=DIRECTION('center_axis',(-1.11823818510763E-14,1.,1.2332750020904E-16));
#2964=DIRECTION('ref_axis',(1.37909520007618E-30,-1.2332750020904E-16,1.));
#2965=DIRECTION('',(7.93705789903082E-15,-0.707106781187584,0.707106781185511));
#2966=DIRECTION('center_axis',(1.11823818510763E-14,-1.,-1.2332750020904E-16));
#2967=DIRECTION('ref_axis',(0.,0.,1.));
#2968=DIRECTION('center_axis',(1.11823818510763E-14,-1.,-1.2332750020904E-16));
#2969=DIRECTION('ref_axis',(0.,0.,1.));
#2970=DIRECTION('center_axis',(1.11823818510763E-14,-1.,-1.2332750020904E-16));
#2971=DIRECTION('ref_axis',(1.,1.11823818510763E-14,0.));
#2972=DIRECTION('',(-1.,-1.11823818510763E-14,-6.35278321053641E-63));
#2973=DIRECTION('center_axis',(-1.11823818510763E-14,1.,1.2332750020904E-16));
#2974=DIRECTION('ref_axis',(0.604914844027944,6.86259324915137E-15,-0.796290167887717));
#2975=DIRECTION('',(-0.268156062949296,-2.87981280120106E-15,-0.963375485417567));
#2976=DIRECTION('center_axis',(-1.11823818510763E-14,1.,1.2332750020904E-16));
#2977=DIRECTION('ref_axis',(0.99994673821442,1.11830591068001E-14,-0.0103208882535635));
#2978=DIRECTION('center_axis',(1.11823818510763E-14,-1.,-1.2332750020904E-16));
#2979=DIRECTION('ref_axis',(1.,1.11823818510763E-14,-2.43243423763659E-33));
#2980=DIRECTION('center_axis',(-1.11823818510763E-14,1.,1.2332750020904E-16));
#2981=DIRECTION('ref_axis',(-0.861471542749562,-9.69593017090167E-15,0.507805849742488));
#2982=DIRECTION('',(0.268156062949296,2.87981280120106E-15,0.963375485417567));
#2983=DIRECTION('center_axis',(-1.11823818510763E-14,1.,1.2332750020904E-16));
#2984=DIRECTION('ref_axis',(-0.994177064027256,-1.11039779304516E-14,-0.107758829624981));
#2985=DIRECTION('center_axis',(1.11823818510763E-14,-1.,-1.2332750020904E-16));
#2986=DIRECTION('ref_axis',(1.,1.11823818510763E-14,9.88489706077746E-33));
#2987=DIRECTION('',(1.37909520007618E-30,-1.2332750020904E-16,1.));
#2988=DIRECTION('center_axis',(1.11823818510763E-14,-1.,-1.2332750020904E-16));
#2989=DIRECTION('ref_axis',(-1.38898009713696E-30,1.2332750020904E-16,-1.));
#2990=DIRECTION('center_axis',(-1.11823818510763E-14,1.,1.2332750020904E-16));
#2991=DIRECTION('ref_axis',(-0.994177064027256,-1.11305571846178E-14,0.10775882962498));
#2992=DIRECTION('',(-0.268156062949299,-3.11743418195953E-15,0.963375485417566));
#2993=DIRECTION('center_axis',(-1.11823818510763E-14,1.,1.2332750020904E-16));
#2994=DIRECTION('ref_axis',(-0.861471542749559,-9.5706773188211E-15,-0.507805849742493));
#2995=DIRECTION('center_axis',(1.11823818510763E-14,-1.,-1.2332750020904E-16));
#2996=DIRECTION('ref_axis',(1.,1.11823818510763E-14,3.03884554570036E-33));
#2997=DIRECTION('center_axis',(-1.11823818510763E-14,1.,1.2332750020904E-16));
#2998=DIRECTION('ref_axis',(0.99994673821442,1.11805134081036E-14,0.0103208882535684));
#2999=DIRECTION('',(0.268156062949299,3.11743418195953E-15,-0.963375485417566));
#3000=DIRECTION('center_axis',(-1.11823818510763E-14,1.,1.2332750020904E-16));
#3001=DIRECTION('ref_axis',(0.604914844027943,6.66618429745809E-15,0.796290167887718));
#3002=DIRECTION('',(1.,1.11823818510763E-14,0.));
#3003=DIRECTION('center_axis',(-1.11823818510763E-14,1.,1.2332750020904E-16));
#3004=DIRECTION('ref_axis',(-0.604914844027946,-6.86259324915138E-15,0.796290167887715));
#3005=DIRECTION('',(0.268156062949292,2.87981280120102E-15,0.963375485417568));
#3006=DIRECTION('center_axis',(-1.11823818510763E-14,1.,1.2332750020904E-16));
#3007=DIRECTION('ref_axis',(-0.999946738214416,-1.11830591068001E-14,0.0103208882539534));
#3008=DIRECTION('center_axis',(1.11823818510763E-14,-1.,-1.2332750020904E-16));
#3009=DIRECTION('ref_axis',(-1.,-1.11823818510763E-14,-6.46533091813938E-32));
#3010=DIRECTION('center_axis',(-1.11823818510763E-14,1.,1.2332750020904E-16));
#3011=DIRECTION('ref_axis',(0.861471542749363,9.69593017089949E-15,-0.507805849742825));
#3012=DIRECTION('',(-0.268156062949292,-2.87981280120102E-15,-0.963375485417568));
#3013=DIRECTION('center_axis',(-1.11823818510763E-14,1.,1.2332750020904E-16));
#3014=DIRECTION('ref_axis',(0.994177064027228,1.11039779304513E-14,0.10775882962524));
#3015=DIRECTION('center_axis',(1.11823818510763E-14,-1.,-1.2332750020904E-16));
#3016=DIRECTION('ref_axis',(-1.,-1.11823818510763E-14,-9.88489706077744E-33));
#3017=DIRECTION('',(-1.37909520007618E-30,1.2332750020904E-16,-1.));
#3018=DIRECTION('center_axis',(1.11823818510763E-14,-1.,-1.2332750020904E-16));
#3019=DIRECTION('ref_axis',(1.38898009713696E-30,-1.2332750020904E-16,1.));
#3020=DIRECTION('center_axis',(-1.11823818510763E-14,1.,1.2332750020904E-16));
#3021=DIRECTION('ref_axis',(0.994177064027228,1.11305571846175E-14,-0.107758829625238));
#3022=DIRECTION('',(0.268156062949291,3.11743418195945E-15,-0.963375485417569));
#3023=DIRECTION('center_axis',(-1.11823818510763E-14,1.,1.2332750020904E-16));
#3024=DIRECTION('ref_axis',(0.861471542749365,9.57067731881889E-15,0.507805849742822));
#3025=DIRECTION('center_axis',(1.11823818510763E-14,-1.,-1.2332750020904E-16));
#3026=DIRECTION('ref_axis',(-1.,-1.11823818510763E-14,5.17515353986486E-32));
#3027=DIRECTION('center_axis',(-1.11823818510763E-14,1.,1.2332750020904E-16));
#3028=DIRECTION('ref_axis',(-0.999946738214416,-1.11805134081035E-14,-0.0103208882539509));
#3029=DIRECTION('',(-0.268156062949291,-3.11743418195945E-15,0.963375485417568));
#3030=DIRECTION('center_axis',(-1.11823818510763E-14,1.,1.2332750020904E-16));
#3031=DIRECTION('ref_axis',(-0.604914844027947,-6.66618429745814E-15,-0.796290167887714));
#3032=DIRECTION('center_axis',(-1.11823818510763E-14,1.,1.2332750020904E-16));
#3033=DIRECTION('ref_axis',(1.37909520007618E-30,-1.2332750020904E-16,1.));
#3034=DIRECTION('center_axis',(-1.11823818510763E-14,1.,1.2332750020904E-16));
#3035=DIRECTION('ref_axis',(1.37909520007618E-30,-1.2332750020904E-16,1.));
#3036=DIRECTION('center_axis',(-1.11823818510763E-14,1.,1.2332750020904E-16));
#3037=DIRECTION('ref_axis',(1.,1.11823818510763E-14,0.));
#3038=DIRECTION('center_axis',(-1.11823818510763E-14,1.,1.2332750020904E-16));
#3039=DIRECTION('ref_axis',(1.,1.11823818510763E-14,0.));
#3040=DIRECTION('center_axis',(-1.11823818510763E-14,1.,1.2332750020904E-16));
#3041=DIRECTION('ref_axis',(1.,1.11823818510763E-14,0.));
#3042=DIRECTION('center_axis',(-1.11823818510763E-14,1.,1.2332750020904E-16));
#3043=DIRECTION('ref_axis',(1.,1.11823818510763E-14,0.));
#3044=DIRECTION('center_axis',(-1.11823818510763E-14,1.,1.2332750020904E-16));
#3045=DIRECTION('ref_axis',(-1.37909520007618E-30,1.2332750020904E-16,-1.));
#3046=DIRECTION('',(-1.,-1.11823818510763E-14,0.));
#3047=DIRECTION('center_axis',(-1.11823818510763E-14,1.,1.2332750020904E-16));
#3048=DIRECTION('ref_axis',(-1.37909520007618E-30,1.2332750020904E-16,-1.));
#3049=DIRECTION('',(-1.37909520007618E-30,1.2332750020904E-16,-1.));
#3050=DIRECTION('center_axis',(-1.11823818510763E-14,1.,1.2332750020904E-16));
#3051=DIRECTION('ref_axis',(1.37909520007618E-30,-1.2332750020904E-16,1.));
#3052=DIRECTION('',(1.,1.11823818510763E-14,6.35278321053641E-63));
#3053=DIRECTION('center_axis',(-1.11823818510763E-14,1.,1.2332750020904E-16));
#3054=DIRECTION('ref_axis',(1.37909520007618E-30,-1.2332750020904E-16,1.));
#3055=DIRECTION('',(1.37909520007618E-30,-1.2332750020904E-16,1.));
#3056=DIRECTION('center_axis',(-1.11823818510763E-14,1.,1.2332750020904E-16));
#3057=DIRECTION('ref_axis',(1.37909520007618E-30,-1.2332750020904E-16,1.));
#3058=DIRECTION('center_axis',(0.,1.,0.));
#3059=DIRECTION('ref_axis',(0.,0.,-1.));
#3060=DIRECTION('center_axis',(0.,1.,0.));
#3061=DIRECTION('ref_axis',(1.,0.,0.));
#3062=DIRECTION('',(0.,1.,0.));
#3063=DIRECTION('center_axis',(-1.11022302462191E-14,1.,0.));
#3064=DIRECTION('ref_axis',(7.54599260419043E-31,-6.7481085020041E-17,1.));
#3065=DIRECTION('',(7.93705789903082E-15,-0.707106781187584,0.707106781185511));
#3066=DIRECTION('center_axis',(1.11823818510763E-14,-1.,-1.2332750020904E-16));
#3067=DIRECTION('ref_axis',(0.,0.,1.));
#3068=DIRECTION('center_axis',(1.11823818510763E-14,-1.,-1.2332750020904E-16));
#3069=DIRECTION('ref_axis',(0.,0.,1.));
#3070=DIRECTION('center_axis',(0.,1.,0.));
#3071=DIRECTION('ref_axis',(0.,0.,-1.));
#3072=DIRECTION('center_axis',(0.,1.,0.));
#3073=DIRECTION('ref_axis',(1.,0.,0.));
#3074=DIRECTION('',(0.,1.,0.));
#3075=DIRECTION('center_axis',(-1.77635683939972E-14,1.,0.));
#3076=DIRECTION('ref_axis',(7.54599260419043E-31,-6.7481085020041E-17,1.));
#3077=DIRECTION('',(1.26473352750919E-14,-0.707106781186654,0.707106781186441));
#3078=DIRECTION('center_axis',(1.11823818510763E-14,-1.,-1.2332750020904E-16));
#3079=DIRECTION('ref_axis',(0.,0.,1.));
#3080=DIRECTION('center_axis',(1.11823818510763E-14,-1.,-1.2332750020904E-16));
#3081=DIRECTION('ref_axis',(0.,0.,1.));
#3082=DIRECTION('center_axis',(0.,1.,0.));
#3083=DIRECTION('ref_axis',(0.,0.,-1.));
#3084=DIRECTION('center_axis',(0.,1.,0.));
#3085=DIRECTION('ref_axis',(1.,0.,0.));
#3086=DIRECTION('',(0.,1.,0.));
#3087=DIRECTION('center_axis',(-1.77635683939959E-14,1.,0.));
#3088=DIRECTION('ref_axis',(7.54599260419043E-31,-6.7481085020041E-17,1.));
#3089=DIRECTION('',(1.26473352750914E-14,-0.707106781186679,0.707106781186416));
#3090=DIRECTION('center_axis',(1.11823818510763E-14,-1.,-1.2332750020904E-16));
#3091=DIRECTION('ref_axis',(0.,0.,1.));
#3092=DIRECTION('center_axis',(1.11823818510763E-14,-1.,-1.2332750020904E-16));
#3093=DIRECTION('ref_axis',(0.,0.,1.));
#3094=DIRECTION('center_axis',(0.,1.,0.));
#3095=DIRECTION('ref_axis',(0.,0.,-1.));
#3096=DIRECTION('center_axis',(0.,1.,0.));
#3097=DIRECTION('ref_axis',(1.,0.,0.));
#3098=DIRECTION('',(0.,1.,0.));
#3099=DIRECTION('center_axis',(-1.7763568394001E-14,1.,0.));
#3100=DIRECTION('ref_axis',(-7.05887590560321E-31,6.31249764103146E-17,
-1.));
#3101=DIRECTION('',(-1.25607396694697E-14,0.707106781186579,-0.707106781186516));
#3102=DIRECTION('',(0.707106781186535,-0.70710678118656,0.));
#3103=DIRECTION('center_axis',(1.11823818510763E-14,-1.,-1.2332750020904E-16));
#3104=DIRECTION('ref_axis',(0.,0.,-1.));
#3105=DIRECTION('center_axis',(-7.90713803671336E-15,0.707106781186541,
0.707106781186554));
#3106=DIRECTION('ref_axis',(1.,0.,1.11823818510761E-14));
#3107=DIRECTION('',(-9.4205547521026E-15,0.707106781186554,-0.707106781186541));
#3108=DIRECTION('',(1.,1.11823818510763E-14,0.));
#3109=DIRECTION('center_axis',(-1.33226762955007E-14,1.,0.));
#3110=DIRECTION('ref_axis',(-7.05887590560321E-31,6.31249764103146E-17,
-1.));
#3111=DIRECTION('center_axis',(1.11823818510763E-14,-1.,-1.2332750020904E-16));
#3112=DIRECTION('ref_axis',(0.,0.,-1.));
#3113=DIRECTION('',(0.7071067811865,0.707106781186595,0.));
#3114=DIRECTION('center_axis',(-0.707106781186571,0.707106781186524,8.7205711704596E-17));
#3115=DIRECTION('ref_axis',(1.23327500209034E-16,0.,1.));
#3116=DIRECTION('',(0.707106781186524,0.707106781186571,0.));
#3117=DIRECTION('',(1.37909520007618E-30,-1.2332750020904E-16,1.));
#3118=DIRECTION('center_axis',(-1.33226762955007E-14,1.,0.));
#3119=DIRECTION('ref_axis',(7.05887590560321E-31,-6.31249764103146E-17,
1.));
#3120=DIRECTION('',(-9.42055475210227E-15,0.707106781186579,0.707106781186516));
#3121=DIRECTION('center_axis',(1.11823818510763E-14,-1.,-1.2332750020904E-16));
#3122=DIRECTION('ref_axis',(0.,0.,1.));
#3123=DIRECTION('center_axis',(-7.90713803671336E-15,0.707106781186541,
-0.707106781186554));
#3124=DIRECTION('ref_axis',(-1.,0.,1.11823818510761E-14));
#3125=DIRECTION('',(0.,0.707106781186554,0.707106781186541));
#3126=DIRECTION('',(-1.,-1.11823818510763E-14,-6.35278321053641E-63));
#3127=DIRECTION('center_axis',(-1.7763568394001E-14,1.,0.));
#3128=DIRECTION('ref_axis',(7.05887590560321E-31,-6.31249764103146E-17,
1.));
#3129=DIRECTION('center_axis',(1.11823818510763E-14,-1.,-1.2332750020904E-16));
#3130=DIRECTION('ref_axis',(0.,0.,1.));
#3131=DIRECTION('',(-0.707106781186535,0.70710678118656,0.));
#3132=DIRECTION('center_axis',(0.70710678118656,0.707106781186535,8.72057117045953E-17));
#3133=DIRECTION('ref_axis',(1.23327500209035E-16,0.,-1.));
#3134=DIRECTION('',(-1.37909520007618E-30,1.2332750020904E-16,-1.));
#3135=DIRECTION('center_axis',(1.,1.11022302462516E-14,-9.8848970607776E-33));
#3136=DIRECTION('ref_axis',(1.37909520007618E-30,-1.2332750020904E-16,1.));
#3137=DIRECTION('',(-1.11022302462516E-14,1.,0.));
#3138=DIRECTION('',(-1.37909520007618E-30,1.2332750020904E-16,-1.));
#3139=DIRECTION('',(1.11022302462516E-14,-1.,0.));
#3140=DIRECTION('center_axis',(1.11022302462516E-14,-1.,0.));
#3141=DIRECTION('ref_axis',(0.,0.,-1.));
#3142=DIRECTION('',(1.11022302462516E-14,-1.,0.));
#3143=DIRECTION('center_axis',(-1.11823818510763E-14,1.,1.2332750020904E-16));
#3144=DIRECTION('ref_axis',(0.,0.,-1.));
#3145=DIRECTION('center_axis',(0.,0.,-1.));
#3146=DIRECTION('ref_axis',(1.,1.11823818510763E-14,0.));
#3147=DIRECTION('',(-1.11022302462516E-14,1.,0.));
#3148=DIRECTION('',(-1.,-1.11823818510763E-14,0.));
#3149=DIRECTION('center_axis',(-1.11022302462516E-14,1.,0.));
#3150=DIRECTION('ref_axis',(0.,0.,-1.));
#3151=DIRECTION('',(1.11022302462516E-14,-1.,0.));
#3152=DIRECTION('center_axis',(-1.11823818510763E-14,1.,1.2332750020904E-16));
#3153=DIRECTION('ref_axis',(0.,0.,-1.));
#3154=DIRECTION('center_axis',(7.90713803671336E-15,-0.707106781186541,
0.707106781186554));
#3155=DIRECTION('ref_axis',(1.,0.,-1.11823818510761E-14));
#3156=DIRECTION('',(1.25607396694701E-14,-0.707106781186554,-0.707106781186541));
#3157=DIRECTION('',(1.,1.11823818510763E-14,6.35278321053641E-63));
#3158=DIRECTION('',(-3.14018491736753E-15,0.707106781186554,0.707106781186541));
#3159=DIRECTION('',(-1.,-1.11823818510763E-14,-6.35278321053641E-63));
#3160=DIRECTION('center_axis',(1.77635683940136E-14,-1.,0.));
#3161=DIRECTION('ref_axis',(-0.604914844027947,-3.52915639277196E-15,-0.796290167887714));
#3162=DIRECTION('center_axis',(-1.11823818510763E-14,1.,1.2332750020904E-16));
#3163=DIRECTION('ref_axis',(-0.604914844027947,0.,-0.796290167887714));
#3164=DIRECTION('',(-0.681209338567848,-0.707106781186335,-0.189614970527791));
#3165=DIRECTION('center_axis',(1.11823818510763E-14,-1.,-1.2332750020904E-16));
#3166=DIRECTION('ref_axis',(-0.604914844027947,-6.66618429745814E-15,-0.796290167887714));
#3167=DIRECTION('center_axis',(0.681209338567888,-0.707106781186296,0.189614970527796));
#3168=DIRECTION('ref_axis',(0.268156062949288,0.,-0.963375485417569));
#3169=DIRECTION('',(-0.268156062949291,-3.11743418195945E-15,0.963375485417568));
#3170=DIRECTION('',(-0.681209338567401,-0.707106781186799,-0.189614970527666));
#3171=DIRECTION('',(0.268156062949291,3.11743418195945E-15,-0.963375485417568));
#3172=DIRECTION('center_axis',(1.77635683940029E-14,-1.,0.));
#3173=DIRECTION('ref_axis',(-0.999946738214416,-1.02454577194864E-14,-0.0103208882539509));
#3174=DIRECTION('center_axis',(-1.11823818510763E-14,1.,1.2332750020904E-16));
#3175=DIRECTION('ref_axis',(-0.999946738214416,-9.19352006979217E-15,-0.0103208882539509));
#3176=DIRECTION('',(-0.684977994107754,-0.707106781186554,0.175513952687837));
#3177=DIRECTION('center_axis',(1.11823818510763E-14,-1.,-1.2332750020904E-16));
#3178=DIRECTION('ref_axis',(-0.999946738214416,-1.11805134081035E-14,-0.0103208882539509));
#3179=DIRECTION('center_axis',(-1.77635683940023E-14,1.,0.));
#3180=DIRECTION('ref_axis',(-0.268156062949668,2.10006149404727E-15,0.963375485417464));
#3181=DIRECTION('',(0.495784859409368,-0.707106781186546,0.504179901603024));
#3182=DIRECTION('center_axis',(-1.11823818510763E-14,1.,1.2332750020904E-16));
#3183=DIRECTION('ref_axis',(-1.,-1.11823818510763E-14,5.17515353986485E-32));
#3184=DIRECTION('center_axis',(1.11823818510763E-14,-1.,-1.2332750020904E-16));
#3185=DIRECTION('ref_axis',(-1.,-1.06581410364015E-14,1.16404844580042E-31));
#3186=DIRECTION('center_axis',(1.77635683940023E-14,-1.,0.));
#3187=DIRECTION('ref_axis',(0.861471542749365,9.39319155457146E-15,0.507805849742822));
#3188=DIRECTION('center_axis',(-1.11823818510763E-14,1.,1.2332750020904E-16));
#3189=DIRECTION('ref_axis',(0.861471542749365,9.1935200697931E-15,0.507805849742822));
#3190=DIRECTION('',(0.681209338567694,-0.707106781186497,0.189614970527741));
#3191=DIRECTION('center_axis',(1.11823818510763E-14,-1.,-1.2332750020904E-16));
#3192=DIRECTION('ref_axis',(0.861471542749365,9.57067731881889E-15,0.507805849742822));
#3193=DIRECTION('center_axis',(-0.681209338567906,-0.707106781186275,-0.189614970527806));
#3194=DIRECTION('ref_axis',(-0.268156062949294,0.,0.963375485417568));
#3195=DIRECTION('',(0.681209338567384,-0.70710678118682,0.189614970527652));
#3196=DIRECTION('',(-0.268156062949291,-3.11743418195945E-15,0.963375485417569));
#3197=DIRECTION('',(0.268156062949291,3.11743418195945E-15,-0.963375485417569));
#3198=DIRECTION('center_axis',(1.77635683940029E-14,-1.,0.));
#3199=DIRECTION('ref_axis',(0.994177064027228,1.03923785883843E-14,-0.107758829625238));
#3200=DIRECTION('center_axis',(-1.11823818510763E-14,1.,1.2332750020904E-16));
#3201=DIRECTION('ref_axis',(0.994177064027228,9.56192766762192E-15,-0.107758829625238));
#3202=DIRECTION('',(0.624761561932809,-0.70710678118653,-0.331169127080561));
#3203=DIRECTION('center_axis',(1.11823818510763E-14,-1.,-1.2332750020904E-16));
#3204=DIRECTION('ref_axis',(0.994177064027228,1.11305571846175E-14,-0.107758829625238));
#3205=DIRECTION('center_axis',(-1.77635683940023E-14,1.,0.));
#3206=DIRECTION('ref_axis',(6.53462657096331E-31,-5.75528334308856E-17,
1.));
#3207=DIRECTION('',(0.707106781186554,-0.707106781186541,0.));
#3208=DIRECTION('center_axis',(-1.11823818510763E-14,1.,1.2332750020904E-16));
#3209=DIRECTION('ref_axis',(1.38898009713696E-30,-1.2332750020904E-16,1.));
#3210=DIRECTION('center_axis',(1.11823818510763E-14,-1.,-1.2332750020904E-16));
#3211=DIRECTION('ref_axis',(9.88489706077773E-33,0.,1.));
#3212=DIRECTION('center_axis',(-0.707106781186554,-0.707106781186541,-8.72057117045961E-17));
#3213=DIRECTION('ref_axis',(-1.23327500209037E-16,0.,1.));
#3214=DIRECTION('',(0.707106781186541,-0.707106781186554,0.));
#3215=DIRECTION('',(1.37909520007618E-30,-1.2332750020904E-16,1.));
#3216=DIRECTION('',(-1.37909520007618E-30,1.2332750020904E-16,-1.));
#3217=DIRECTION('center_axis',(-1.77635683940023E-14,1.,0.));
#3218=DIRECTION('ref_axis',(-1.,-1.11396343285031E-14,-4.61295196169614E-33));
#3219=DIRECTION('',(0.624761561932784,-0.707106781186553,0.331169127080561));
#3220=DIRECTION('center_axis',(-1.11823818510763E-14,1.,1.2332750020904E-16));
#3221=DIRECTION('ref_axis',(-1.,-1.11823818510763E-14,-9.88489706077743E-33));
#3222=DIRECTION('center_axis',(1.11823818510763E-14,-1.,-1.2332750020904E-16));
#3223=DIRECTION('ref_axis',(-1.,-1.11022302462516E-14,4.79668073738301E-77));
#3224=DIRECTION('center_axis',(1.77635683940035E-14,-1.,0.));
#3225=DIRECTION('ref_axis',(0.994177064027228,1.03783072185316E-14,0.10775882962524));
#3226=DIRECTION('center_axis',(-1.11823818510763E-14,1.,1.2332750020904E-16));
#3227=DIRECTION('ref_axis',(0.994177064027228,9.56192766762194E-15,0.10775882962524));
#3228=DIRECTION('',(0.68120933856773,-0.707106781186459,-0.189614970527755));
#3229=DIRECTION('center_axis',(1.11823818510763E-14,-1.,-1.2332750020904E-16));
#3230=DIRECTION('ref_axis',(0.994177064027228,1.11039779304513E-14,0.10775882962524));
#3231=DIRECTION('center_axis',(-0.681209338567899,-0.707106781186283,0.189614970527804));
#3232=DIRECTION('ref_axis',(0.268156062949295,0.,0.963375485417567));
#3233=DIRECTION('',(0.681209338567387,-0.70710678118681,-0.189614970527675));
#3234=DIRECTION('',(0.268156062949292,2.87981280120102E-15,0.963375485417568));
#3235=DIRECTION('',(-0.268156062949292,-2.87981280120102E-15,-0.963375485417568));
#3236=DIRECTION('center_axis',(1.77635683940029E-14,-1.,0.));
#3237=DIRECTION('ref_axis',(0.861471542749363,9.45950188802591E-15,-0.507805849742825));
#3238=DIRECTION('center_axis',(-1.11823818510763E-14,1.,1.2332750020904E-16));
#3239=DIRECTION('ref_axis',(0.861471542749363,9.19352006979313E-15,-0.507805849742825));
#3240=DIRECTION('',(0.495784859409375,-0.707106781186531,-0.504179901603039));
#3241=DIRECTION('center_axis',(1.11823818510763E-14,-1.,-1.2332750020904E-16));
#3242=DIRECTION('ref_axis',(0.861471542749363,9.69593017089949E-15,-0.507805849742825));
#3243=DIRECTION('center_axis',(-1.77635683940023E-14,1.,0.));
#3244=DIRECTION('ref_axis',(-0.268156062949673,2.10006149404718E-15,-0.963375485417462));
#3245=DIRECTION('',(-0.684977994107754,-0.707106781186554,-0.175513952687837));
#3246=DIRECTION('center_axis',(-1.11823818510763E-14,1.,1.2332750020904E-16));
#3247=DIRECTION('ref_axis',(-1.,-1.11823818510763E-14,-6.46533091813937E-32));
#3248=DIRECTION('center_axis',(1.11823818510763E-14,-1.,-1.2332750020904E-16));
#3249=DIRECTION('ref_axis',(-1.,-1.06581410364015E-14,0.));
#3250=DIRECTION('center_axis',(1.77635683940029E-14,-1.,0.));
#3251=DIRECTION('ref_axis',(-0.999946738214416,-1.02468054423258E-14,0.0103208882539534));
#3252=DIRECTION('center_axis',(-1.11823818510763E-14,1.,1.2332750020904E-16));
#3253=DIRECTION('ref_axis',(-0.999946738214416,-9.19352006979215E-15,0.0103208882539534));
#3254=DIRECTION('',(-0.681209338567594,-0.707106781186602,0.18961497052771));
#3255=DIRECTION('center_axis',(1.11823818510763E-14,-1.,-1.2332750020904E-16));
#3256=DIRECTION('ref_axis',(-0.999946738214416,-1.11830591068001E-14,0.0103208882539534));
#3257=DIRECTION('center_axis',(0.681209338567888,-0.707106781186296,-0.189614970527797));
#3258=DIRECTION('ref_axis',(-0.26815606294929,0.,-0.963375485417569));
#3259=DIRECTION('',(0.268156062949292,2.87981280120102E-15,0.963375485417568));
#3260=DIRECTION('',(-0.681209338567401,-0.707106781186799,0.189614970527666));
#3261=DIRECTION('',(-0.268156062949292,-2.87981280120102E-15,-0.963375485417568));
#3262=DIRECTION('center_axis',(1.77635683940136E-14,-1.,0.));
#3263=DIRECTION('ref_axis',(-0.604914844027946,-1.00867775099255E-15,0.796290167887716));
#3264=DIRECTION('center_axis',(-1.11823818510763E-14,1.,1.2332750020904E-16));
#3265=DIRECTION('ref_axis',(-0.604914844027946,5.57697718443615E-15,0.796290167887716));
#3266=DIRECTION('',(1.25607396694741E-14,-0.707106781186328,0.707106781186767));
#3267=DIRECTION('center_axis',(1.11823818510763E-14,-1.,-1.2332750020904E-16));
#3268=DIRECTION('ref_axis',(-0.604914844027946,-6.86259324915138E-15,0.796290167887716));
#3269=DIRECTION('center_axis',(7.90713803671336E-15,-0.707106781186541,
-0.707106781186554));
#3270=DIRECTION('ref_axis',(-1.,0.,-1.11823818510761E-14));
#3271=DIRECTION('',(1.25607396694701E-14,-0.707106781186554,0.707106781186541));
#3272=DIRECTION('',(-1.,-1.11823818510763E-14,0.));
#3273=DIRECTION('',(1.,1.11823818510763E-14,0.));
#3274=DIRECTION('center_axis',(1.33226762955533E-14,-1.,0.));
#3275=DIRECTION('ref_axis',(0.604914844027943,9.04696541272569E-16,0.796290167887718));
#3276=DIRECTION('center_axis',(-1.11823818510763E-14,1.,1.2332750020904E-16));
#3277=DIRECTION('ref_axis',(0.604914844027943,-5.57697718443614E-15,0.796290167887718));
#3278=DIRECTION('',(0.681209338568964,-0.707106781185178,0.1896149705281));
#3279=DIRECTION('center_axis',(1.11823818510763E-14,-1.,-1.2332750020904E-16));
#3280=DIRECTION('ref_axis',(0.604914844027943,6.66618429745809E-15,0.796290167887718));
#3281=DIRECTION('center_axis',(-0.681209338567416,-0.707106781186782,-0.189614970527675));
#3282=DIRECTION('ref_axis',(-0.268156062949302,0.,0.963375485417566));
#3283=DIRECTION('',(0.268156062949299,3.11743418195953E-15,-0.963375485417566));
#3284=DIRECTION('',(0.681209338567871,-0.707106781186311,0.189614970527798));
#3285=DIRECTION('',(-0.268156062949299,-3.11743418195953E-15,0.963375485417566));
#3286=DIRECTION('center_axis',(1.11022302462526E-14,-1.,0.));
#3287=DIRECTION('ref_axis',(0.99994673821442,1.02454577194869E-14,0.0103208882535684));
#3288=DIRECTION('center_axis',(-1.11823818510763E-14,1.,1.2332750020904E-16));
#3289=DIRECTION('ref_axis',(0.99994673821442,9.1935200697931E-15,0.0103208882535684));
#3290=DIRECTION('',(0.684977994107672,-0.707106781186497,-0.175513952688387));
#3291=DIRECTION('center_axis',(1.11823818510763E-14,-1.,-1.2332750020904E-16));
#3292=DIRECTION('ref_axis',(0.99994673821442,1.11805134081036E-14,0.0103208882535684));
#3293=DIRECTION('center_axis',(-1.11823818510767E-14,1.,0.));
#3294=DIRECTION('ref_axis',(0.268156062948922,2.98535555502545E-15,-0.963375485417671));
#3295=DIRECTION('',(-0.495784859409745,-0.707106781186552,-0.504179901602646));
#3296=DIRECTION('center_axis',(-1.11823818510763E-14,1.,1.2332750020904E-16));
#3297=DIRECTION('ref_axis',(1.,1.11823818510763E-14,3.03884554570036E-33));
#3298=DIRECTION('center_axis',(1.11823818510763E-14,-1.,-1.2332750020904E-16));
#3299=DIRECTION('ref_axis',(1.,1.11577413974828E-14,0.));
#3300=DIRECTION('center_axis',(1.11022302462518E-14,-1.,0.));
#3301=DIRECTION('ref_axis',(-0.861471542749559,-9.39319155457218E-15,-0.507805849742493));
#3302=DIRECTION('center_axis',(-1.11823818510763E-14,1.,1.2332750020904E-16));
#3303=DIRECTION('ref_axis',(-0.861471542749559,-9.19352006979215E-15,-0.507805849742493));
#3304=DIRECTION('',(-0.681209338567606,-0.707106781186586,-0.189614970527725));
#3305=DIRECTION('center_axis',(1.11823818510763E-14,-1.,-1.2332750020904E-16));
#3306=DIRECTION('ref_axis',(-0.861471542749559,-9.5706773188211E-15,-0.507805849742493));
#3307=DIRECTION('center_axis',(0.681209338567384,-0.707106781186817,0.189614970527661));
#3308=DIRECTION('ref_axis',(0.268156062949296,0.,-0.963375485417567));
#3309=DIRECTION('',(-0.681209338567904,-0.707106781186276,-0.189614970527809));
#3310=DIRECTION('',(0.268156062949299,3.11743418195953E-15,-0.963375485417566));
#3311=DIRECTION('',(-0.268156062949299,-3.11743418195953E-15,0.963375485417566));
#3312=DIRECTION('center_axis',(1.11022302462518E-14,-1.,0.));
#3313=DIRECTION('ref_axis',(-0.994177064027256,-1.0392378588384E-14,0.10775882962498));
#3314=DIRECTION('center_axis',(-1.11823818510763E-14,1.,1.2332750020904E-16));
#3315=DIRECTION('ref_axis',(-0.994177064027256,-9.56192766762097E-15,0.10775882962498));
#3316=DIRECTION('',(-0.624761561932951,-0.707106781186557,0.331169127080236));
#3317=DIRECTION('center_axis',(1.11823818510763E-14,-1.,-1.2332750020904E-16));
#3318=DIRECTION('ref_axis',(-0.994177064027256,-1.11305571846178E-14,0.10775882962498));
#3319=DIRECTION('center_axis',(-1.11022302462518E-14,1.,0.));
#3320=DIRECTION('ref_axis',(-6.5346265709633E-31,5.75528334308856E-17,-1.));
#3321=DIRECTION('',(-0.707106781186539,-0.707106781186556,0.));
#3322=DIRECTION('center_axis',(-1.11823818510763E-14,1.,1.2332750020904E-16));
#3323=DIRECTION('ref_axis',(-1.38898009713696E-30,1.2332750020904E-16,-1.));
#3324=DIRECTION('center_axis',(1.11823818510763E-14,-1.,-1.2332750020904E-16));
#3325=DIRECTION('ref_axis',(-9.88489706077772E-33,0.,-1.));
#3326=DIRECTION('center_axis',(0.707106781186557,-0.707106781186538,-8.72057117045976E-17));
#3327=DIRECTION('ref_axis',(-1.23327500209038E-16,0.,-1.));
#3328=DIRECTION('',(-0.707106781186537,-0.707106781186557,0.));
#3329=DIRECTION('',(-1.37909520007618E-30,1.2332750020904E-16,-1.));
#3330=DIRECTION('',(1.37909520007618E-30,-1.2332750020904E-16,1.));
#3331=DIRECTION('center_axis',(-1.11022302462518E-14,1.,0.));
#3332=DIRECTION('ref_axis',(1.,1.11396343285031E-14,4.61295196169615E-33));
#3333=DIRECTION('',(-0.624761561932961,-0.707106781186543,-0.331169127080248));
#3334=DIRECTION('center_axis',(-1.11823818510763E-14,1.,1.2332750020904E-16));
#3335=DIRECTION('ref_axis',(1.,1.11823818510763E-14,9.88489706077746E-33));
#3336=DIRECTION('center_axis',(1.11823818510763E-14,-1.,-1.2332750020904E-16));
#3337=DIRECTION('ref_axis',(1.,1.11022302462516E-14,5.01535516621294E-63));
#3338=DIRECTION('center_axis',(1.11022302462518E-14,-1.,0.));
#3339=DIRECTION('ref_axis',(-0.994177064027256,-1.03783072185313E-14,-0.107758829624981));
#3340=DIRECTION('center_axis',(-1.11823818510763E-14,1.,1.2332750020904E-16));
#3341=DIRECTION('ref_axis',(-0.994177064027256,-9.56192766762096E-15,-0.107758829624981));
#3342=DIRECTION('',(-0.681209338567588,-0.707106781186605,0.189614970527717));
#3343=DIRECTION('center_axis',(1.11823818510763E-14,-1.,-1.2332750020904E-16));
#3344=DIRECTION('ref_axis',(-0.994177064027256,-1.11039779304516E-14,-0.107758829624981));
#3345=DIRECTION('center_axis',(0.681209338567407,-0.707106781186794,-0.189614970527666));
#3346=DIRECTION('ref_axis',(-0.268156062949293,0.,-0.963375485417568));
#3347=DIRECTION('',(-0.681209338567881,-0.707106781186301,0.189614970527802));
#3348=DIRECTION('',(-0.268156062949296,-2.87981280120106E-15,-0.963375485417567));
#3349=DIRECTION('',(0.268156062949296,2.87981280120106E-15,0.963375485417567));
#3350=DIRECTION('center_axis',(1.11022302462514E-14,-1.,0.));
#3351=DIRECTION('ref_axis',(-0.861471542749562,-9.4595018880266E-15,0.507805849742488));
#3352=DIRECTION('center_axis',(-1.11823818510763E-14,1.,1.2332750020904E-16));
#3353=DIRECTION('ref_axis',(-0.861471542749562,-9.19352006979215E-15,0.507805849742488));
#3354=DIRECTION('',(-0.495784859409745,-0.707106781186555,0.504179901602642));
#3355=DIRECTION('center_axis',(1.11823818510763E-14,-1.,-1.2332750020904E-16));
#3356=DIRECTION('ref_axis',(-0.861471542749562,-9.69593017090167E-15,0.507805849742488));
#3357=DIRECTION('center_axis',(-1.11823818510763E-14,1.,0.));
#3358=DIRECTION('ref_axis',(0.268156062948917,2.98535555502568E-15,0.963375485417673));
#3359=DIRECTION('',(0.684977994107612,-0.707106781186561,0.175513952688363));
#3360=DIRECTION('center_axis',(-1.11823818510763E-14,1.,1.2332750020904E-16));
#3361=DIRECTION('ref_axis',(1.,1.11823818510763E-14,-2.43243423763659E-33));
#3362=DIRECTION('center_axis',(1.11823818510763E-14,-1.,-1.2332750020904E-16));
#3363=DIRECTION('ref_axis',(1.,1.11577413974828E-14,-5.47127978333695E-33));
#3364=DIRECTION('center_axis',(1.11022302462518E-14,-1.,0.));
#3365=DIRECTION('ref_axis',(0.99994673821442,1.02468054423262E-14,-0.0103208882535635));
#3366=DIRECTION('center_axis',(-1.11823818510763E-14,1.,1.2332750020904E-16));
#3367=DIRECTION('ref_axis',(0.99994673821442,9.19352006979311E-15,-0.0103208882535635));
#3368=DIRECTION('',(0.681209338567711,-0.707106781186478,-0.189614970527751));
#3369=DIRECTION('center_axis',(1.11823818510763E-14,-1.,-1.2332750020904E-16));
#3370=DIRECTION('ref_axis',(0.99994673821442,1.11830591068001E-14,-0.0103208882535635));
#3371=DIRECTION('center_axis',(-0.68120933856742,-0.707106781186779,0.189614970527674));
#3372=DIRECTION('ref_axis',(0.268156062949299,0.,0.963375485417566));
#3373=DIRECTION('',(-0.268156062949296,-2.87981280120106E-15,-0.963375485417567));
#3374=DIRECTION('',(0.681209338567869,-0.707106781186315,-0.189614970527792));
#3375=DIRECTION('',(0.268156062949296,2.87981280120106E-15,0.963375485417567));
#3376=DIRECTION('center_axis',(1.33226762955533E-14,-1.,0.));
#3377=DIRECTION('ref_axis',(0.604914844027944,1.00867775099253E-15,-0.796290167887716));
#3378=DIRECTION('center_axis',(-1.11823818510763E-14,1.,1.2332750020904E-16));
#3379=DIRECTION('ref_axis',(0.604914844027944,-5.57697718443615E-15,-0.796290167887716));
#3380=DIRECTION('center_axis',(1.11823818510763E-14,-1.,-1.2332750020904E-16));
#3381=DIRECTION('ref_axis',(0.604914844027944,6.86259324915137E-15,-0.796290167887716));
#3382=DIRECTION('center_axis',(1.06581410364015E-14,-1.,0.));
#3383=DIRECTION('ref_axis',(-0.268156062949674,-2.85804513868378E-15,-0.963375485417462));
#3384=DIRECTION('',(1.06581410364015E-14,-1.,0.));
#3385=DIRECTION('center_axis',(-1.11823818510763E-14,1.,1.2332750020904E-16));
#3386=DIRECTION('ref_axis',(-1.,-1.06581410364015E-14,0.));
#3387=DIRECTION('',(-1.06581410364015E-14,1.,0.));
#3388=DIRECTION('center_axis',(-1.06581410364015E-14,1.,0.));
#3389=DIRECTION('ref_axis',(0.861471542749363,9.19352006979313E-15,-0.507805849742825));
#3390=DIRECTION('',(3.729842824372E-15,1.,-4.00490272410312E-15));
#3391=DIRECTION('center_axis',(1.11823818510763E-14,-1.,-1.2332750020904E-16));
#3392=DIRECTION('ref_axis',(0.861471542749363,9.19352006979313E-15,-0.507805849742825));
#3393=DIRECTION('center_axis',(-0.963375485417568,4.66717808845099E-15,
0.268156062949292));
#3394=DIRECTION('ref_axis',(0.268156062949292,7.04773795184049E-16,0.963375485417568));
#3395=DIRECTION('',(-3.69790940220034E-15,-1.,4.11962650005399E-15));
#3396=DIRECTION('',(0.268156062949292,2.87981280120102E-15,0.963375485417568));
#3397=DIRECTION('center_axis',(1.11022302462516E-14,-1.,0.));
#3398=DIRECTION('ref_axis',(0.994177064027228,9.56192766762194E-15,0.10775882962524));
#3399=DIRECTION('',(-1.11022302462516E-14,1.,0.));
#3400=DIRECTION('center_axis',(1.11823818510763E-14,-1.,-1.2332750020904E-16));
#3401=DIRECTION('ref_axis',(0.994177064027228,9.56192766762194E-15,0.10775882962524));
#3402=DIRECTION('center_axis',(1.11022302462516E-14,-1.,0.));
#3403=DIRECTION('ref_axis',(-1.,-1.11022302462516E-14,4.79668073738301E-77));
#3404=DIRECTION('',(1.11022302462516E-14,-1.,0.));
#3405=DIRECTION('center_axis',(-1.11823818510763E-14,1.,1.2332750020904E-16));
#3406=DIRECTION('ref_axis',(-1.,-1.11022302462516E-14,4.79668073738301E-77));
#3407=DIRECTION('center_axis',(-1.,-1.11022302462516E-14,9.8848970607776E-33));
#3408=DIRECTION('ref_axis',(-1.37909520007618E-30,1.2332750020904E-16,-1.));
#3409=DIRECTION('',(1.11022302462516E-14,-1.,0.));
#3410=DIRECTION('',(1.37909520007618E-30,-1.2332750020904E-16,1.));
#3411=DIRECTION('center_axis',(1.11022302462516E-14,-1.,0.));
#3412=DIRECTION('ref_axis',(9.88489706077773E-33,0.,1.));
#3413=DIRECTION('',(1.11022302462516E-14,-1.,0.));
#3414=DIRECTION('center_axis',(-1.11823818510763E-14,1.,1.2332750020904E-16));
#3415=DIRECTION('ref_axis',(9.88489706077773E-33,0.,1.));
#3416=DIRECTION('center_axis',(-1.11022302462516E-14,1.,0.));
#3417=DIRECTION('ref_axis',(0.994177064027228,9.56192766762192E-15,-0.107758829625238));
#3418=DIRECTION('',(3.69790940220035E-15,1.,4.11962650005397E-15));
#3419=DIRECTION('center_axis',(1.11823818510763E-14,-1.,-1.2332750020904E-16));
#3420=DIRECTION('ref_axis',(0.994177064027228,9.56192766762192E-15,-0.107758829625238));
#3421=DIRECTION('center_axis',(-0.963375485417569,4.667178088451E-15,-0.268156062949291));
#3422=DIRECTION('ref_axis',(-0.268156062949291,0.,0.963375485417569));
#3423=DIRECTION('',(-3.67248093639657E-15,-1.,-4.2109806179423E-15));
#3424=DIRECTION('',(-0.268156062949291,-3.11743418195945E-15,0.963375485417569));
#3425=DIRECTION('center_axis',(1.06581410364015E-14,-1.,-2.22044604925031E-16));
#3426=DIRECTION('ref_axis',(0.861471542749365,9.1935200697931E-15,0.507805849742822));
#3427=DIRECTION('',(-1.06581410364015E-14,1.,2.22044604925031E-16));
#3428=DIRECTION('center_axis',(1.11823818510763E-14,-1.,-1.2332750020904E-16));
#3429=DIRECTION('ref_axis',(0.861471542749365,9.1935200697931E-15,0.507805849742822));
#3430=DIRECTION('center_axis',(1.06581410364015E-14,-1.,-2.22044604925031E-16));
#3431=DIRECTION('ref_axis',(-0.268156062949669,-3.07195746773771E-15,0.963375485417463));
#3432=DIRECTION('',(1.06581410364015E-14,-1.,-2.22044604925031E-16));
#3433=DIRECTION('center_axis',(-1.11823818510763E-14,1.,1.2332750020904E-16));
#3434=DIRECTION('ref_axis',(-1.,-1.06581410364015E-14,1.16404844580042E-31));
#3435=DIRECTION('center_axis',(-1.06581410364015E-14,1.,2.22044604925031E-16));
#3436=DIRECTION('ref_axis',(-0.999946738214416,-9.19352006979217E-15,-0.0103208882539509));
#3437=DIRECTION('',(3.67248093639657E-15,1.,4.2109806179423E-15));
#3438=DIRECTION('center_axis',(1.11823818510763E-14,-1.,-1.2332750020904E-16));
#3439=DIRECTION('ref_axis',(-0.999946738214416,-9.19352006979217E-15,-0.0103208882539509));
#3440=DIRECTION('center_axis',(0.963375485417569,-4.667178088451E-15,0.268156062949291));
#3441=DIRECTION('ref_axis',(0.268156062949291,-1.03361556516736E-17,-0.963375485417568));
#3442=DIRECTION('',(-4.84460956200068E-15,-1.,-9.40220786722796E-77));
#3443=DIRECTION('',(0.268156062949291,3.11743418195945E-15,-0.963375485417568));
#3444=DIRECTION('center_axis',(-4.84460956200068E-15,-1.,-1.01306816194979E-76));
#3445=DIRECTION('ref_axis',(-0.604914844027947,0.,-0.796290167887714));
#3446=DIRECTION('',(4.84460956200068E-15,1.,1.01306816194979E-76));
#3447=DIRECTION('center_axis',(1.11823818510763E-14,-1.,-1.2332750020904E-16));
#3448=DIRECTION('ref_axis',(-0.604914844027947,0.,-0.796290167887715));
#3449=DIRECTION('center_axis',(-6.35278321053641E-63,-7.05300619078965E-77,
1.));
#3450=DIRECTION('ref_axis',(-1.,-1.11823818510763E-14,-6.35278321053641E-63));
#3451=DIRECTION('',(-4.44089209850062E-15,-1.,-9.8742086671055E-77));
#3452=DIRECTION('',(1.,1.11823818510763E-14,6.35278321053641E-63));
#3453=DIRECTION('center_axis',(4.44089209850062E-15,1.,9.8742086671055E-77));
#3454=DIRECTION('ref_axis',(0.604914844027944,-5.57697718443615E-15,-0.796290167887716));
#3455=DIRECTION('',(4.44089209850062E-15,1.,9.16417728831077E-77));
#3456=DIRECTION('center_axis',(1.11823818510763E-14,-1.,-1.2332750020904E-16));
#3457=DIRECTION('ref_axis',(0.604914844027944,-5.57697718443615E-15,-0.796290167887717));
#3458=DIRECTION('center_axis',(-0.963375485417567,4.27824658108007E-15,
0.268156062949296));
#3459=DIRECTION('ref_axis',(0.268156062949296,0.,0.963375485417567));
#3460=DIRECTION('',(-3.37659253269665E-15,-1.,3.82359473643517E-15));
#3461=DIRECTION('',(0.268156062949296,2.87981280120106E-15,0.963375485417567));
#3462=DIRECTION('center_axis',(1.11577413974828E-14,-1.,-2.22044604925031E-16));
#3463=DIRECTION('ref_axis',(0.99994673821442,9.19352006979311E-15,-0.0103208882535635));
#3464=DIRECTION('',(-1.11577413974828E-14,1.,2.22044604925031E-16));
#3465=DIRECTION('center_axis',(1.11823818510763E-14,-1.,-1.2332750020904E-16));
#3466=DIRECTION('ref_axis',(0.99994673821442,9.19352006979311E-15,-0.0103208882535635));
#3467=DIRECTION('center_axis',(1.11823818510763E-14,-1.,-1.2332750020904E-16));
#3468=DIRECTION('ref_axis',(1.,1.11823818510763E-14,0.));
#3469=DIRECTION('',(-1.,-1.11823818510763E-14,-6.35278321053641E-63));
#3470=DIRECTION('center_axis',(1.11823818510763E-14,-1.,-1.2332750020904E-16));
#3471=DIRECTION('ref_axis',(1.37909520007618E-30,-1.2332750020904E-16,1.));
#3472=DIRECTION('',(1.37909520007618E-30,-1.2332750020904E-16,1.));
#3473=DIRECTION('center_axis',(1.11823818510763E-14,-1.,-1.2332750020904E-16));
#3474=DIRECTION('ref_axis',(-1.37909520007618E-30,1.2332750020904E-16,-1.));
#3475=DIRECTION('',(1.,1.11823818510763E-14,0.));
#3476=DIRECTION('center_axis',(1.11823818510763E-14,-1.,-1.2332750020904E-16));
#3477=DIRECTION('ref_axis',(-1.37909520007618E-30,1.2332750020904E-16,-1.));
#3478=DIRECTION('',(-1.37909520007618E-30,1.2332750020904E-16,-1.));
#3479=DIRECTION('center_axis',(1.11823818510763E-14,-1.,-1.2332750020904E-16));
#3480=DIRECTION('ref_axis',(1.37909520007618E-30,-1.2332750020904E-16,1.));
#3481=DIRECTION('center_axis',(1.11823818510763E-14,-1.,-1.2332750020904E-16));
#3482=DIRECTION('ref_axis',(1.,1.11823818510763E-14,1.37909520007618E-30));
#3483=DIRECTION('center_axis',(1.11823818510763E-14,-1.,-1.2332750020904E-16));
#3484=DIRECTION('ref_axis',(1.,1.11823818510763E-14,1.37909520007618E-30));
#3485=DIRECTION('center_axis',(-1.11823818510763E-14,1.,1.2332750020904E-16));
#3486=DIRECTION('ref_axis',(1.,1.11823818510763E-14,0.));
#3487=DIRECTION('center_axis',(-1.11823818510763E-14,1.,1.2332750020904E-16));
#3488=DIRECTION('ref_axis',(1.,1.11823818510763E-14,0.));
#3489=DIRECTION('center_axis',(-1.11823818510763E-14,1.,1.2332750020904E-16));
#3490=DIRECTION('ref_axis',(1.,1.11823818510763E-14,0.));
#3491=DIRECTION('center_axis',(-1.11823818510763E-14,1.,1.2332750020904E-16));
#3492=DIRECTION('ref_axis',(1.,1.11823818510763E-14,0.));
#3493=DIRECTION('center_axis',(1.11823818510763E-14,-1.,-1.2332750020904E-16));
#3494=DIRECTION('ref_axis',(1.,1.11823818510763E-14,1.37909520007618E-30));
#3495=DIRECTION('center_axis',(1.11823818510763E-14,-1.,-1.2332750020904E-16));
#3496=DIRECTION('ref_axis',(1.,1.11823818510763E-14,1.37909520007618E-30));
#3497=DIRECTION('center_axis',(7.90713803671336E-15,-0.707106781186541,
-0.707106781186554));
#3498=DIRECTION('ref_axis',(-1.,0.,-1.11823818510761E-14));
#3499=DIRECTION('',(3.14018491736753E-15,-0.707106781186554,0.707106781186541));
#3500=DIRECTION('',(-1.25607396694701E-14,0.707106781186554,-0.707106781186541));
#3501=DIRECTION('',(1.,1.11823818510763E-14,6.35278321053641E-63));
#3502=DIRECTION('center_axis',(1.33226762955026E-14,-1.,0.));
#3503=DIRECTION('ref_axis',(7.05887590560321E-31,-6.31249764103146E-17,
1.));
#3504=DIRECTION('center_axis',(-1.11823818510763E-14,1.,1.2332750020904E-16));
#3505=DIRECTION('ref_axis',(0.,0.,1.));
#3506=DIRECTION('',(0.707106781186588,-0.707106781186507,0.));
#3507=DIRECTION('center_axis',(-0.707106781186538,-0.707106781186557,-8.72057117045981E-17));
#3508=DIRECTION('ref_axis',(-1.23327500209042E-16,0.,1.));
#3509=DIRECTION('',(0.707106781186557,-0.707106781186538,0.));
#3510=DIRECTION('center_axis',(1.33226762955026E-14,-1.,0.));
#3511=DIRECTION('ref_axis',(-7.05887590560321E-31,6.31249764103146E-17,
-1.));
#3512=DIRECTION('',(9.42055475210293E-15,-0.707106781186529,-0.707106781186566));
#3513=DIRECTION('center_axis',(7.90713803671336E-15,-0.707106781186541,
0.707106781186554));
#3514=DIRECTION('ref_axis',(1.,0.,-1.11823818510761E-14));
#3515=DIRECTION('',(1.25607396694701E-14,-0.707106781186554,-0.707106781186541));
#3516=DIRECTION('center_axis',(1.77635683940035E-14,-1.,0.));
#3517=DIRECTION('ref_axis',(-7.05887590560321E-31,6.31249764103146E-17,
-1.));
#3518=DIRECTION('',(-0.707106781186548,-0.707106781186548,0.));
#3519=DIRECTION('center_axis',(0.707106781186541,-0.707106781186554,-8.72057117045996E-17));
#3520=DIRECTION('ref_axis',(-1.23327500209044E-16,0.,-1.));
#3521=DIRECTION('',(-0.707106781186554,-0.707106781186541,0.));
#3522=DIRECTION('',(1.37909520007618E-30,-1.2332750020904E-16,1.));
#3523=DIRECTION('center_axis',(1.77635683940035E-14,-1.,0.));
#3524=DIRECTION('ref_axis',(7.05887590560321E-31,-6.31249764103146E-17,
1.));
#3525=DIRECTION('center_axis',(-1.11823818510763E-14,1.,1.2332750020904E-16));
#3526=DIRECTION('ref_axis',(0.,0.,1.));
#3527=DIRECTION('center_axis',(-1.11022302462516E-14,1.,0.));
#3528=DIRECTION('ref_axis',(0.,0.,1.));
#3529=DIRECTION('',(-1.11022302462516E-14,1.,0.));
#3530=DIRECTION('center_axis',(-6.35278321053641E-63,-7.05300619078965E-77,
1.));
#3531=DIRECTION('ref_axis',(-1.,-1.11823818510763E-14,-6.35278321053641E-63));
#3532=DIRECTION('',(1.11022302462516E-14,-1.,0.));
#3533=DIRECTION('center_axis',(-7.90713803671336E-15,0.707106781186541,
0.707106781186554));
#3534=DIRECTION('ref_axis',(1.,0.,1.11823818510761E-14));
#3535=DIRECTION('',(-3.14018491736753E-15,0.707106781186554,-0.707106781186541));
#3536=DIRECTION('',(1.25607396694701E-14,-0.707106781186554,0.707106781186541));
#3537=DIRECTION('center_axis',(-1.33226762954501E-14,1.,0.));
#3538=DIRECTION('ref_axis',(0.604914844027944,1.00867775099254E-15,-0.796290167887717));
#3539=DIRECTION('',(0.681209338566319,0.707106781187922,-0.189614970527367));
#3540=DIRECTION('center_axis',(-0.681209338567634,0.707106781186558,0.189614970527729));
#3541=DIRECTION('ref_axis',(0.268156062949293,0.,0.963375485417568));
#3542=DIRECTION('',(0.681209338567654,0.707106781186537,-0.189614970527737));
#3543=DIRECTION('center_axis',(-1.1102230246251E-14,1.,0.));
#3544=DIRECTION('ref_axis',(0.99994673821442,1.02468054423262E-14,-0.0103208882535635));
#3545=DIRECTION('',(0.684977994107591,0.707106781186582,0.175513952688363));
#3546=DIRECTION('center_axis',(1.11823818510761E-14,-1.,0.));
#3547=DIRECTION('ref_axis',(0.268156062948917,2.98535555502584E-15,0.963375485417673));
#3548=DIRECTION('center_axis',(-1.11823818510763E-14,1.,1.2332750020904E-16));
#3549=DIRECTION('ref_axis',(1.,1.11577413974828E-14,-5.47127978333695E-33));
#3550=DIRECTION('',(-0.495784859409773,0.707106781186525,0.504179901602655));
#3551=DIRECTION('center_axis',(-1.11022302462514E-14,1.,0.));
#3552=DIRECTION('ref_axis',(-0.861471542749562,-9.4595018880266E-15,0.507805849742488));
#3553=DIRECTION('center_axis',(1.11823818510763E-14,-1.,-1.2332750020904E-16));
#3554=DIRECTION('ref_axis',(-0.861471542749562,-9.19352006979215E-15,0.507805849742488));
#3555=DIRECTION('',(-0.681209338567639,0.707106781186552,0.189614970527731));
#3556=DIRECTION('center_axis',(0.68120933856764,0.707106781186551,-0.189614970527735));
#3557=DIRECTION('ref_axis',(-0.268156062949299,0.,-0.963375485417566));
#3558=DIRECTION('',(-0.268156062949296,-2.87981280120106E-15,-0.963375485417567));
#3559=DIRECTION('',(-0.681209338567648,0.707106781186544,0.189614970527732));
#3560=DIRECTION('center_axis',(-1.11022302462518E-14,1.,0.));
#3561=DIRECTION('ref_axis',(-0.994177064027256,-1.03783072185313E-14,-0.107758829624981));
#3562=DIRECTION('center_axis',(1.11823818510763E-14,-1.,-1.2332750020904E-16));
#3563=DIRECTION('ref_axis',(-0.994177064027256,-9.56192766762096E-15,-0.107758829624981));
#3564=DIRECTION('',(-0.62476156193298,0.707106781186522,-0.331169127080256));
#3565=DIRECTION('center_axis',(1.1102230246251E-14,-1.,0.));
#3566=DIRECTION('ref_axis',(1.,1.11396343285031E-14,4.61295196169615E-33));
#3567=DIRECTION('center_axis',(-1.11823818510763E-14,1.,1.2332750020904E-16));
#3568=DIRECTION('ref_axis',(1.,1.11022302462516E-14,5.01535516621294E-63));
#3569=DIRECTION('',(-0.707106781186547,0.707106781186548,0.));
#3570=DIRECTION('center_axis',(0.707106781186546,0.707106781186549,8.7205711704597E-17));
#3571=DIRECTION('ref_axis',(1.23327500209039E-16,0.,-1.));
#3572=DIRECTION('',(-0.707106781186551,0.707106781186544,0.));
#3573=DIRECTION('',(-1.37909520007618E-30,1.2332750020904E-16,-1.));
#3574=DIRECTION('center_axis',(1.1102230246251E-14,-1.,0.));
#3575=DIRECTION('ref_axis',(-6.5346265709633E-31,5.75528334308856E-17,-1.));
#3576=DIRECTION('center_axis',(-1.11823818510763E-14,1.,1.2332750020904E-16));
#3577=DIRECTION('ref_axis',(-9.88489706077772E-33,0.,-1.));
#3578=DIRECTION('',(-0.624761561932949,0.707106781186563,0.331169127080227));
#3579=DIRECTION('center_axis',(-1.11022302462518E-14,1.,0.));
#3580=DIRECTION('ref_axis',(-0.994177064027256,-1.0392378588384E-14,0.10775882962498));
#3581=DIRECTION('center_axis',(1.11823818510763E-14,-1.,-1.2332750020904E-16));
#3582=DIRECTION('ref_axis',(-0.994177064027256,-9.56192766762097E-15,0.10775882962498));
#3583=DIRECTION('',(-0.681209338567665,0.707106781186525,-0.18961497052774));
#3584=DIRECTION('center_axis',(0.681209338567633,0.707106781186558,0.189614970527735));
#3585=DIRECTION('ref_axis',(0.268156062949302,0.,-0.963375485417566));
#3586=DIRECTION('',(0.268156062949299,3.11743418195953E-15,-0.963375485417566));
#3587=DIRECTION('',(-0.681209338567654,0.707106781186536,-0.189614970527737));
#3588=DIRECTION('center_axis',(-1.1102230246251E-14,1.,0.));
#3589=DIRECTION('ref_axis',(-0.861471542749559,-9.39319155457218E-15,-0.507805849742493));
#3590=DIRECTION('center_axis',(1.11823818510763E-14,-1.,-1.2332750020904E-16));
#3591=DIRECTION('ref_axis',(-0.861471542749559,-9.19352006979215E-15,-0.507805849742493));
#3592=DIRECTION('',(-0.495784859409743,0.707106781186561,-0.504179901602635));
#3593=DIRECTION('center_axis',(1.11823818510762E-14,-1.,0.));
#3594=DIRECTION('ref_axis',(0.268156062948921,2.98535555502581E-15,-0.963375485417671));
#3595=DIRECTION('center_axis',(-1.11823818510763E-14,1.,1.2332750020904E-16));
#3596=DIRECTION('ref_axis',(1.,1.11577413974828E-14,0.));
#3597=DIRECTION('',(0.684977994107623,0.707106781186551,-0.175513952688363));
#3598=DIRECTION('center_axis',(-1.11022302462502E-14,1.,0.));
#3599=DIRECTION('ref_axis',(0.99994673821442,1.02454577194869E-14,0.0103208882535684));
#3600=DIRECTION('center_axis',(1.11823818510763E-14,-1.,-1.2332750020904E-16));
#3601=DIRECTION('ref_axis',(0.99994673821442,9.1935200697931E-15,0.0103208882535684));
#3602=DIRECTION('',(0.681209338567588,0.707106781186602,0.189614970527733));
#3603=DIRECTION('center_axis',(-0.681209338567652,0.707106781186539,-0.189614970527736));
#3604=DIRECTION('ref_axis',(-0.268156062949296,0.,0.963375485417567));
#3605=DIRECTION('',(-0.268156062949299,-3.11743418195953E-15,0.963375485417566));
#3606=DIRECTION('',(0.681209338567636,0.707106781186555,0.189614970527735));
#3607=DIRECTION('center_axis',(-1.33226762954501E-14,1.,0.));
#3608=DIRECTION('ref_axis',(0.604914844027943,9.04696541272576E-16,0.796290167887718));
#3609=DIRECTION('center_axis',(1.11823818510763E-14,-1.,-1.2332750020904E-16));
#3610=DIRECTION('ref_axis',(0.604914844027943,-5.57697718443614E-15,0.796290167887718));
#3611=DIRECTION('',(-9.42055475208428E-15,0.707106781187917,0.707106781185178));
#3612=DIRECTION('center_axis',(-7.90713803671336E-15,0.707106781186541,
-0.707106781186554));
#3613=DIRECTION('ref_axis',(-1.,0.,1.11823818510761E-14));
#3614=DIRECTION('',(-1.25607396694701E-14,0.707106781186554,0.707106781186541));
#3615=DIRECTION('',(-1.,-1.11823818510763E-14,0.));
#3616=DIRECTION('center_axis',(-1.77635683939909E-14,1.,0.));
#3617=DIRECTION('ref_axis',(-0.604914844027946,-1.00867775099254E-15,0.796290167887716));
#3618=DIRECTION('center_axis',(1.11823818510763E-14,-1.,-1.2332750020904E-16));
#3619=DIRECTION('ref_axis',(-0.604914844027946,5.57697718443615E-15,0.796290167887716));
#3620=DIRECTION('',(-0.681209338567425,0.707106781186774,0.189614970527673));
#3621=DIRECTION('center_axis',(0.681209338567652,0.707106781186539,-0.189614970527736));
#3622=DIRECTION('ref_axis',(-0.268156062949295,0.,-0.963375485417567));
#3623=DIRECTION('',(-0.268156062949292,-2.87981280120102E-15,-0.963375485417568));
#3624=DIRECTION('',(-0.68120933856764,0.707106781186558,0.189614970527711));
#3625=DIRECTION('center_axis',(-1.77635683940016E-14,1.,0.));
#3626=DIRECTION('ref_axis',(-0.999946738214416,-1.02468054423258E-14,0.0103208882539534));
#3627=DIRECTION('center_axis',(1.11823818510763E-14,-1.,-1.2332750020904E-16));
#3628=DIRECTION('ref_axis',(-0.999946738214416,-9.19352006979215E-15,0.0103208882539534));
#3629=DIRECTION('',(-0.684977994107762,0.70710678118655,-0.175513952687823));
#3630=DIRECTION('center_axis',(1.77635683940023E-14,-1.,0.));
#3631=DIRECTION('ref_axis',(-0.268156062949673,2.10006149404718E-15,-0.963375485417462));
#3632=DIRECTION('',(0.495784859409338,0.707106781186565,-0.504179901603027));
#3633=DIRECTION('center_axis',(-1.77635683940016E-14,1.,0.));
#3634=DIRECTION('ref_axis',(0.861471542749363,9.45950188802591E-15,-0.507805849742825));
#3635=DIRECTION('',(0.681209338567631,0.707106781186561,-0.18961497052773));
#3636=DIRECTION('center_axis',(-0.681209338567646,0.707106781186547,0.18961497052773));
#3637=DIRECTION('ref_axis',(0.26815606294929,0.,0.963375485417569));
#3638=DIRECTION('',(0.681209338567643,0.707106781186548,-0.189614970527733));
#3639=DIRECTION('center_axis',(-1.7763568394001E-14,1.,0.));
#3640=DIRECTION('ref_axis',(0.994177064027228,1.03783072185316E-14,0.10775882962524));
#3641=DIRECTION('',(0.624761561932738,0.707106781186604,0.331169127080537));
#3642=DIRECTION('center_axis',(1.77635683940023E-14,-1.,0.));
#3643=DIRECTION('ref_axis',(-1.,-1.11396343285031E-14,-4.61295196169614E-33));
#3644=DIRECTION('',(0.707106781186522,0.707106781186573,0.));
#3645=DIRECTION('center_axis',(-0.70710678118656,0.707106781186535,8.72057117045973E-17));
#3646=DIRECTION('ref_axis',(1.23327500209037E-16,0.,1.));
#3647=DIRECTION('',(0.707106781186529,0.707106781186566,0.));
#3648=DIRECTION('center_axis',(1.77635683940023E-14,-1.,0.));
#3649=DIRECTION('ref_axis',(6.5346265709633E-31,-5.75528334308856E-17,1.));
#3650=DIRECTION('',(0.62476156193277,0.707106781186565,-0.33116912708056));
#3651=DIRECTION('center_axis',(-1.77635683940016E-14,1.,0.));
#3652=DIRECTION('ref_axis',(0.994177064027228,1.03923785883843E-14,-0.107758829625238));
#3653=DIRECTION('',(0.681209338567612,0.707106781186579,0.189614970527728));
#3654=DIRECTION('center_axis',(-0.681209338567658,0.707106781186534,-0.189614970527732));
#3655=DIRECTION('ref_axis',(-0.268156062949288,0.,0.963375485417569));
#3656=DIRECTION('',(0.681209338567631,0.707106781186561,0.18961497052773));
#3657=DIRECTION('center_axis',(-1.77635683940023E-14,1.,0.));
#3658=DIRECTION('ref_axis',(0.861471542749365,9.39319155457146E-15,0.507805849742822));
#3659=DIRECTION('',(0.495784859409341,0.707106781186561,0.50417990160303));
#3660=DIRECTION('center_axis',(1.77635683940023E-14,-1.,0.));
#3661=DIRECTION('ref_axis',(-0.26815606294967,2.10006149404724E-15,0.963375485417463));
#3662=DIRECTION('',(-0.684977994107761,0.707106781186548,0.175513952687834));
#3663=DIRECTION('center_axis',(-1.77635683940016E-14,1.,0.));
#3664=DIRECTION('ref_axis',(-0.999946738214416,-1.02454577194864E-14,-0.0103208882539509));
#3665=DIRECTION('',(-0.68120933856765,0.707106781186543,-0.189614970527729));
#3666=DIRECTION('center_axis',(0.68120933856764,0.707106781186552,0.189614970527732));
#3667=DIRECTION('ref_axis',(0.268156062949294,0.,-0.963375485417568));
#3668=DIRECTION('',(-0.681209338567643,0.707106781186549,-0.189614970527728));
#3669=DIRECTION('center_axis',(-1.77635683939909E-14,1.,0.));
#3670=DIRECTION('ref_axis',(-0.604914844027947,-3.52915639277195E-15,-0.796290167887714));
#3671=DIRECTION('center_axis',(1.11577413974828E-14,-1.,0.));
#3672=DIRECTION('ref_axis',(0.268156062948922,2.9920160045512E-15,-0.963375485417671));
#3673=DIRECTION('',(1.11577413974828E-14,-1.,0.));
#3674=DIRECTION('',(-1.11577413974828E-14,1.,0.));
#3675=DIRECTION('center_axis',(1.11577413974828E-14,-1.,0.));
#3676=DIRECTION('ref_axis',(-0.861471542749559,-9.19352006979215E-15,-0.507805849742493));
#3677=DIRECTION('',(-3.31923064472119E-15,-1.,-4.02967263027441E-15));
#3678=DIRECTION('center_axis',(0.963375485417566,-4.27824658108007E-15,
0.268156062949299));
#3679=DIRECTION('ref_axis',(0.268156062949299,0.,-0.963375485417566));
#3680=DIRECTION('',(3.32322232249265E-15,1.,4.01533215828056E-15));
#3681=DIRECTION('center_axis',(-1.11022302462516E-14,1.,0.));
#3682=DIRECTION('ref_axis',(-0.994177064027256,-9.56192766762097E-15,0.10775882962498));
#3683=DIRECTION('',(1.11022302462516E-14,-1.,0.));
#3684=DIRECTION('center_axis',(1.11022302462516E-14,-1.,0.));
#3685=DIRECTION('ref_axis',(-9.88489706077772E-33,0.,-1.));
#3686=DIRECTION('',(1.11022302462516E-14,-1.,0.));
#3687=DIRECTION('center_axis',(1.,1.11022302462516E-14,-9.8848970607776E-33));
#3688=DIRECTION('ref_axis',(1.37909520007618E-30,-1.2332750020904E-16,1.));
#3689=DIRECTION('',(1.11022302462516E-14,-1.,0.));
#3690=DIRECTION('center_axis',(1.11022302462516E-14,-1.,0.));
#3691=DIRECTION('ref_axis',(1.,1.11022302462516E-14,5.01535516621294E-63));
#3692=DIRECTION('',(-1.11022302462516E-14,1.,0.));
#3693=DIRECTION('center_axis',(1.11022302462516E-14,-1.,0.));
#3694=DIRECTION('ref_axis',(-0.994177064027256,-9.56192766762096E-15,-0.107758829624981));
#3695=DIRECTION('',(-3.32322232249267E-15,-1.,4.01533215828052E-15));
#3696=DIRECTION('center_axis',(0.963375485417567,-4.27824658108007E-15,
-0.268156062949296));
#3697=DIRECTION('ref_axis',(-0.268156062949296,0.,-0.963375485417567));
#3698=DIRECTION('',(3.37659253269665E-15,1.,-3.82359473643517E-15));
#3699=DIRECTION('center_axis',(-1.11577413974828E-14,1.,2.22044604925031E-16));
#3700=DIRECTION('ref_axis',(-0.861471542749562,-9.19352006979215E-15,0.507805849742488));
#3701=DIRECTION('',(1.11577413974828E-14,-1.,-2.22044604925031E-16));
#3702=DIRECTION('center_axis',(1.11577413974828E-14,-1.,-2.22044604925031E-16));
#3703=DIRECTION('ref_axis',(0.268156062948917,2.77810367549711E-15,0.963375485417673));
#3704=DIRECTION('center_axis',(0.,1.,0.));
#3705=DIRECTION('ref_axis',(1.,0.,0.));
#3706=DIRECTION('center_axis',(0.,1.,0.));
#3707=DIRECTION('ref_axis',(1.,0.,0.));
#3708=DIRECTION('',(-0.707106781186542,0.707106781186553,-8.65956056235487E-17));
#3709=DIRECTION('center_axis',(0.,-1.,0.));
#3710=DIRECTION('ref_axis',(1.,0.,0.));
#3711=DIRECTION('center_axis',(0.,-1.,0.));
#3712=DIRECTION('ref_axis',(1.,0.,0.));
#3713=DIRECTION('',(0.,1.,0.));
#3714=DIRECTION('center_axis',(-1.11823818510763E-14,1.,1.2332750020904E-16));
#3715=DIRECTION('ref_axis',(1.,0.,0.));
#3716=DIRECTION('center_axis',(0.,-1.,0.));
#3717=DIRECTION('ref_axis',(1.,0.,0.));
#3718=DIRECTION('center_axis',(0.,1.,0.));
#3719=DIRECTION('ref_axis',(1.,0.,0.));
#3720=DIRECTION('center_axis',(0.,1.,0.));
#3721=DIRECTION('ref_axis',(1.,0.,0.));
#3722=DIRECTION('',(-0.707106781186542,0.707106781186553,-8.65956056235487E-17));
#3723=DIRECTION('center_axis',(0.,-1.,0.));
#3724=DIRECTION('ref_axis',(1.,0.,0.));
#3725=DIRECTION('center_axis',(0.,-1.,0.));
#3726=DIRECTION('ref_axis',(1.,0.,0.));
#3727=DIRECTION('',(0.,1.,0.));
#3728=DIRECTION('center_axis',(-1.11823818510763E-14,1.,1.2332750020904E-16));
#3729=DIRECTION('ref_axis',(1.,0.,0.));
#3730=DIRECTION('center_axis',(0.,-1.,0.));
#3731=DIRECTION('ref_axis',(1.,0.,0.));
#3732=DIRECTION('center_axis',(0.,1.,0.));
#3733=DIRECTION('ref_axis',(1.,0.,0.));
#3734=DIRECTION('center_axis',(0.,1.,0.));
#3735=DIRECTION('ref_axis',(1.,0.,0.));
#3736=DIRECTION('',(-0.707106781186541,0.707106781186554,-8.65956056235486E-17));
#3737=DIRECTION('center_axis',(0.,-1.,0.));
#3738=DIRECTION('ref_axis',(1.,0.,0.));
#3739=DIRECTION('center_axis',(0.,-1.,0.));
#3740=DIRECTION('ref_axis',(1.,0.,0.));
#3741=DIRECTION('',(0.,1.,0.));
#3742=DIRECTION('center_axis',(-1.11823818510763E-14,1.,1.2332750020904E-16));
#3743=DIRECTION('ref_axis',(1.,0.,0.));
#3744=DIRECTION('center_axis',(0.,-1.,0.));
#3745=DIRECTION('ref_axis',(1.,0.,0.));
#3746=DIRECTION('center_axis',(0.,1.,0.));
#3747=DIRECTION('ref_axis',(1.,0.,0.));
#3748=DIRECTION('center_axis',(0.,1.,0.));
#3749=DIRECTION('ref_axis',(1.,0.,0.));
#3750=DIRECTION('',(-0.707106781186541,0.707106781186554,-8.65956056235486E-17));
#3751=DIRECTION('center_axis',(0.,-1.,0.));
#3752=DIRECTION('ref_axis',(1.,0.,0.));
#3753=DIRECTION('center_axis',(0.,-1.,0.));
#3754=DIRECTION('ref_axis',(1.,0.,0.));
#3755=DIRECTION('',(0.,1.,0.));
#3756=DIRECTION('center_axis',(-1.11823818510763E-14,1.,1.2332750020904E-16));
#3757=DIRECTION('ref_axis',(1.,0.,0.));
#3758=DIRECTION('center_axis',(0.,-1.,0.));
#3759=DIRECTION('ref_axis',(1.,0.,0.));
#3760=DIRECTION('center_axis',(-1.77635683939947E-14,1.,0.));
#3761=DIRECTION('ref_axis',(1.,5.92800965599226E-15,7.31086612088579E-31));
#3762=DIRECTION('',(0.707106781186403,-0.707106781186692,-8.65956056235296E-17));
#3763=DIRECTION('center_axis',(-1.77635683939953E-14,1.,0.));
#3764=DIRECTION('ref_axis',(1.,5.92800965599226E-15,7.31086612088579E-31));
#3765=DIRECTION('',(0.707106781186415,-0.70710678118668,-8.65956056235311E-17));
#3766=DIRECTION('center_axis',(-1.11022302462179E-14,1.,0.));
#3767=DIRECTION('ref_axis',(1.,5.92800965599226E-15,7.3108661208858E-31));
#3768=DIRECTION('',(0.707106781185485,-0.70710678118761,-8.65956056234177E-17));
#3769=DIRECTION('center_axis',(-1.11022302462179E-14,1.,0.));
#3770=DIRECTION('ref_axis',(1.,5.92800965599226E-15,7.3108661208858E-31));
#3771=DIRECTION('',(0.707106781185485,-0.70710678118761,-8.65956056234177E-17));
#3772=DIRECTION('center_axis',(1.11022302462516E-14,-1.,0.));
#3773=DIRECTION('ref_axis',(0.,0.,1.));
#3774=DIRECTION('',(-1.11022302462516E-14,1.,0.));
#3775=DIRECTION('center_axis',(-1.,-1.11022302462516E-14,9.8848970607776E-33));
#3776=DIRECTION('ref_axis',(-1.37909520007618E-30,1.2332750020904E-16,-1.));
#3777=DIRECTION('center_axis',(4.84460956200068E-15,1.,0.));
#3778=DIRECTION('ref_axis',(-0.604914844027946,5.57697718443615E-15,0.796290167887716));
#3779=DIRECTION('',(4.84460956200068E-15,1.,0.));
#3780=DIRECTION('',(-4.84460956200068E-15,-1.,0.));
#3781=DIRECTION('center_axis',(0.963375485417568,-4.66717808845099E-15,
-0.268156062949292));
#3782=DIRECTION('ref_axis',(-0.268156062949292,-7.05690157703933E-16,-0.963375485417568));
#3783=DIRECTION('',(-3.729842824372E-15,-1.,4.00490272410312E-15));
#3784=DIRECTION('center_axis',(1.06581410364015E-14,-1.,0.));
#3785=DIRECTION('ref_axis',(-0.999946738214416,-9.19352006979215E-15,0.0103208882539534));
#3786=DIRECTION('center_axis',(-1.11577413974828E-14,1.,0.));
#3787=DIRECTION('ref_axis',(0.99994673821442,9.1935200697931E-15,0.0103208882535684));
#3788=DIRECTION('',(3.31923064472119E-15,1.,4.02967263027442E-15));
#3789=DIRECTION('center_axis',(-0.963375485417566,4.27824658108007E-15,
-0.268156062949299));
#3790=DIRECTION('ref_axis',(-0.268156062949299,0.,0.963375485417566));
#3791=DIRECTION('',(-4.44089209850062E-15,-1.,0.));
#3792=DIRECTION('center_axis',(-4.44089209850062E-15,-1.,0.));
#3793=DIRECTION('ref_axis',(0.604914844027943,-5.57697718443614E-15,0.796290167887718));
#3794=DIRECTION('',(4.44089209850062E-15,1.,0.));
#3795=DIRECTION('center_axis',(1.11577413974828E-14,-1.,0.));
#3796=DIRECTION('ref_axis',(1.,1.11577413974828E-14,0.));
#3797=DIRECTION('',(-1.11577413974828E-14,1.,0.));
#3798=DIRECTION('center_axis',(1.06581410364015E-14,-1.,0.));
#3799=DIRECTION('ref_axis',(1.,1.06581410364015E-14,0.));
#3800=DIRECTION('',(-1.06581410364015E-14,1.,0.));
#3801=DIRECTION('center_axis',(1.11577413974828E-14,-1.,-2.22044604925031E-16));
#3802=DIRECTION('ref_axis',(1.,1.11577413974828E-14,-5.47127978333746E-33));
#3803=DIRECTION('',(-1.11577413974828E-14,1.,2.22044604925031E-16));
#3804=DIRECTION('center_axis',(0.,0.,-1.));
#3805=DIRECTION('ref_axis',(1.,1.11823818510763E-14,0.));
#3806=DIRECTION('center_axis',(1.06581410364015E-14,-1.,-2.22044604925031E-16));
#3807=DIRECTION('ref_axis',(1.,1.06581410364015E-14,-1.16404844580042E-31));
#3808=DIRECTION('',(-1.06581410364015E-14,1.,2.22044604925031E-16));
#3809=CARTESIAN_POINT('',(0.,0.,0.));
#3810=CARTESIAN_POINT('Origin',(-6.74999999994674,134.249999999993,-54.));
#3811=CARTESIAN_POINT('',(-6.74999999994674,134.499999999993,-56.9));
#3812=CARTESIAN_POINT('Origin',(-6.74999999994674,134.499999999993,-54.));
#3813=CARTESIAN_POINT('',(-6.74999999994673,133.999999999992,-56.4));
#3814=CARTESIAN_POINT('',(-6.74999999994674,134.249999999993,-56.65));
#3815=CARTESIAN_POINT('',(-6.74999999994673,133.999999999992,-51.6));
#3816=CARTESIAN_POINT('Origin',(-6.74999999994673,133.999999999992,-54.));
#3817=CARTESIAN_POINT('Origin',(-6.74999999994673,133.999999999992,-54.));
#3818=CARTESIAN_POINT('Origin',(-71.4999999998982,134.499999999993,-6.74999999999997));
#3819=CARTESIAN_POINT('',(-10.9919549752542,134.499999999993,-26.5));
#3820=CARTESIAN_POINT('',(-60.5080450246393,134.499999999993,-26.5));
#3821=CARTESIAN_POINT('',(-38.6249999999232,134.499999999993,-26.5));
#3822=CARTESIAN_POINT('',(-6.65676529087519,134.499999999993,-23.2067022832718));
#3823=CARTESIAN_POINT('Origin',(-10.9919549752543,134.499999999993,-22.));
#3824=CARTESIAN_POINT('',(-2.93009908457509,134.499999999994,-9.8183088753538));
#3825=CARTESIAN_POINT('',(-7.26987575403006,134.499999999993,-25.4093583916593));
#3826=CARTESIAN_POINT('',(-2.9061155075806,134.499999999994,-7.49464263683276));
#3827=CARTESIAN_POINT('Origin',(-7.26528876895414,134.499999999993,-8.61160659208197));
#3828=CARTESIAN_POINT('',(2.1034370165913,134.499999999994,-8.88905416416712));
#3829=CARTESIAN_POINT('Origin',(1.76445390529997E-12,134.499999999994,-6.74999999999995));
#3830=CARTESIAN_POINT('',(0.923402857096552,134.499999999994,-10.890933127146));
#3831=CARTESIAN_POINT('Origin',(5.2585925414756,134.499999999994,-12.0976354104179));
#3832=CARTESIAN_POINT('',(-3.01681949124736,134.499999999994,-25.046546749079));
#3833=CARTESIAN_POINT('',(-0.97237114093643,134.499999999994,-17.7016767497594));
#3834=CARTESIAN_POINT('',(-2.65758804047576,134.499999999994,-28.3607964516535));
#3835=CARTESIAN_POINT('Origin',(1.31837019313169,134.499999999994,-26.2532490323509));
#3836=CARTESIAN_POINT('',(-2.24999999994821,134.499999999994,-30.));
#3837=CARTESIAN_POINT('Origin',(-5.74999999994822,134.499999999994,-30.));
#3838=CARTESIAN_POINT('',(-2.24999999994822,134.499999999994,-55.));
#3839=CARTESIAN_POINT('',(-2.24999999994822,134.499999999994,-30.875));
#3840=CARTESIAN_POINT('',(-2.65758804047575,134.499999999994,-56.6392035483465));
#3841=CARTESIAN_POINT('Origin',(-5.74999999994821,134.499999999994,-55.));
#3842=CARTESIAN_POINT('',(-3.01681949124735,134.499999999994,-59.9534532509209));
#3843=CARTESIAN_POINT('Origin',(1.3183701931317,134.499999999994,-58.7467509676491));
#3844=CARTESIAN_POINT('',(0.923402857096589,134.499999999994,-74.1090668728538));
#3845=CARTESIAN_POINT('',(-12.6106839737194,134.499999999993,-25.4866067765999));
#3846=CARTESIAN_POINT('',(2.10343701659136,134.499999999994,-76.1109458358328));
#3847=CARTESIAN_POINT('Origin',(5.25859254147564,134.499999999994,-72.902364589582));
#3848=CARTESIAN_POINT('',(-2.90611550758052,134.499999999994,-77.5053573631672));
#3849=CARTESIAN_POINT('Origin',(1.83550817887598E-12,134.499999999994,-78.25));
#3850=CARTESIAN_POINT('',(-2.93009908457503,134.499999999994,-75.1816911246461));
#3851=CARTESIAN_POINT('Origin',(-7.26528876895408,134.499999999993,-76.388393407918));
#3852=CARTESIAN_POINT('',(-6.65676529087517,134.499999999993,-61.7932977167281));
#3853=CARTESIAN_POINT('',(-14.0613485214908,134.499999999993,-35.1916468509863));
#3854=CARTESIAN_POINT('',(-10.9919549752542,134.499999999993,-58.5));
#3855=CARTESIAN_POINT('Origin',(-10.9919549752542,134.499999999993,-63.));
#3856=CARTESIAN_POINT('',(-60.5080450246393,134.499999999993,-58.5));
#3857=CARTESIAN_POINT('',(-68.6249999999232,134.499999999993,-58.5));
#3858=CARTESIAN_POINT('',(-64.8432347090183,134.499999999993,-61.7932977167282));
#3859=CARTESIAN_POINT('Origin',(-60.5080450246393,134.499999999993,-63.));
#3860=CARTESIAN_POINT('',(-68.5699009153199,134.499999999993,-75.1816911246519));
#3861=CARTESIAN_POINT('',(-57.5653481559247,134.499999999993,-35.6468163961608));
#3862=CARTESIAN_POINT('',(-68.5938844923153,134.499999999993,-77.5053573631695));
#3863=CARTESIAN_POINT('Origin',(-64.2347112309409,134.499999999993,-76.3883934079237));
#3864=CARTESIAN_POINT('',(-73.6034370164861,134.499999999993,-76.1109458358312));
#3865=CARTESIAN_POINT('Origin',(-71.4999999998983,134.499999999993,-78.25));
#3866=CARTESIAN_POINT('',(-72.4234028569888,134.499999999993,-74.1090668728497));
#3867=CARTESIAN_POINT('Origin',(-76.7585925413679,134.499999999993,-72.9023645895779));
#3868=CARTESIAN_POINT('',(-68.4831805086471,134.499999999993,-59.9534532509245));
#3869=CARTESIAN_POINT('',(-63.8628527690183,134.499999999993,-43.3544980380607));
#3870=CARTESIAN_POINT('',(-68.8424119594198,134.499999999993,-56.6392035483481));
#3871=CARTESIAN_POINT('Origin',(-72.8183701930262,134.499999999993,-58.7467509676527));
#3872=CARTESIAN_POINT('',(-69.2499999999482,134.499999999993,-55.));
#3873=CARTESIAN_POINT('Origin',(-65.7499999999482,134.499999999993,-55.));
#3874=CARTESIAN_POINT('',(-69.2499999999482,134.499999999993,-30.));
#3875=CARTESIAN_POINT('',(-69.2499999999482,134.499999999993,-18.375));
#3876=CARTESIAN_POINT('',(-68.8424119594198,134.499999999993,-28.3607964516519));
#3877=CARTESIAN_POINT('Origin',(-65.7499999999482,134.499999999993,-30.));
#3878=CARTESIAN_POINT('',(-68.4831805086472,134.499999999993,-25.0465467490754));
#3879=CARTESIAN_POINT('Origin',(-72.8183701930262,134.499999999993,-26.2532490323473));
#3880=CARTESIAN_POINT('',(-72.4234028569888,134.499999999993,-10.8909331271502));
#3881=CARTESIAN_POINT('',(-70.6954908140034,134.499999999993,-17.0986171334772));
#3882=CARTESIAN_POINT('',(-73.6034370164861,134.499999999993,-8.88905416416879));
#3883=CARTESIAN_POINT('Origin',(-76.7585925413679,134.499999999993,-12.097635410422));
#3884=CARTESIAN_POINT('',(-68.5938844923153,134.499999999993,-7.49464263683051));
#3885=CARTESIAN_POINT('Origin',(-71.4999999998982,134.499999999993,-6.74999999999997));
#3886=CARTESIAN_POINT('',(-68.5699009153199,134.499999999993,-9.81830887534814));
#3887=CARTESIAN_POINT('Origin',(-64.2347112309409,134.499999999993,-8.61160659207632));
#3888=CARTESIAN_POINT('',(-64.8432347090183,134.499999999993,-23.2067022832718));
#3889=CARTESIAN_POINT('',(-69.2448262662319,134.499999999993,-7.39357705909074));
#3890=CARTESIAN_POINT('Origin',(-60.5080450246393,134.499999999993,-22.));
#3891=CARTESIAN_POINT('',(-6.74999999994675,134.499999999993,-33.8999999999999));
#3892=CARTESIAN_POINT('Origin',(-6.74999999994675,134.499999999993,-30.9999999999999));
#3893=CARTESIAN_POINT('',(-64.7499999999469,134.499999999993,-56.9000000000001));
#3894=CARTESIAN_POINT('Origin',(-64.7499999999469,134.499999999993,-54.0000000000001));
#3895=CARTESIAN_POINT('',(-1.74999999999816,134.499999999994,-78.25));
#3896=CARTESIAN_POINT('Origin',(1.83552049910278E-12,134.499999999994,-78.25));
#3897=CARTESIAN_POINT('',(-73.2499999998983,134.499999999993,-78.25));
#3898=CARTESIAN_POINT('Origin',(-71.4999999998983,134.499999999993,-78.25));
#3899=CARTESIAN_POINT('',(-1.74999999999823,134.499999999994,-6.74999999999995));
#3900=CARTESIAN_POINT('Origin',(1.76446622552677E-12,134.499999999994,-6.74999999999995));
#3901=CARTESIAN_POINT('',(-73.2499999998982,134.499999999993,-6.74999999999997));
#3902=CARTESIAN_POINT('Origin',(-71.4999999998982,134.499999999993,-6.74999999999997));
#3903=CARTESIAN_POINT('',(-53.4499999999482,134.499999999993,-53.5));
#3904=CARTESIAN_POINT('',(-64.2499999999482,134.499999999993,-42.7));
#3905=CARTESIAN_POINT('Origin',(-53.4499999999482,134.499999999993,-42.7));
#3906=CARTESIAN_POINT('',(-18.0499999999482,134.499999999993,-53.5));
#3907=CARTESIAN_POINT('',(-68.6249999999232,134.499999999993,-53.5));
#3908=CARTESIAN_POINT('',(-7.24999999994822,134.499999999993,-42.7));
#3909=CARTESIAN_POINT('Origin',(-18.0499999999482,134.499999999993,-42.7));
#3910=CARTESIAN_POINT('',(-7.24999999994822,134.499999999993,-42.3));
#3911=CARTESIAN_POINT('',(-7.24999999994822,134.499999999993,-30.875));
#3912=CARTESIAN_POINT('',(-18.0499999999482,134.499999999993,-31.5));
#3913=CARTESIAN_POINT('Origin',(-18.0499999999482,134.499999999993,-42.3));
#3914=CARTESIAN_POINT('',(-53.4499999999482,134.499999999993,-31.5));
#3915=CARTESIAN_POINT('',(-38.6249999999232,134.499999999993,-31.5));
#3916=CARTESIAN_POINT('',(-64.2499999999482,134.499999999993,-42.3));
#3917=CARTESIAN_POINT('Origin',(-53.4499999999482,134.499999999993,-42.3));
#3918=CARTESIAN_POINT('',(-64.2499999999482,134.499999999993,-18.375));
#3919=CARTESIAN_POINT('',(-64.7499999999469,134.499999999993,-33.8999999999999));
#3920=CARTESIAN_POINT('Origin',(-64.7499999999469,134.499999999993,-31.));
#3921=CARTESIAN_POINT('Origin',(-6.74999999994673,131.999999999993,-54.));
#3922=CARTESIAN_POINT('',(-6.74999999994673,127.499999999993,-51.6));
#3923=CARTESIAN_POINT('Origin',(-6.74999999994529,127.499999999993,-54.0000000000001));
#3924=CARTESIAN_POINT('',(-6.74999999994673,131.999999999993,-51.6));
#3925=CARTESIAN_POINT('Origin',(-6.74999999994674,134.249999999993,-30.9999999999999));
#3926=CARTESIAN_POINT('',(-6.74999999994674,133.999999999992,-33.3999999999999));
#3927=CARTESIAN_POINT('',(-6.74999999994674,134.249999999993,-33.6499999999999));
#3928=CARTESIAN_POINT('',(-6.74999999994674,133.999999999992,-28.6));
#3929=CARTESIAN_POINT('Origin',(-6.74999999994674,133.999999999992,-30.9999999999999));
#3930=CARTESIAN_POINT('Origin',(-6.74999999994674,133.999999999992,-30.9999999999999));
#3931=CARTESIAN_POINT('Origin',(-6.74999999994674,131.999999999993,-30.9999999999999));
#3932=CARTESIAN_POINT('',(-6.74999999994674,127.499999999993,-28.6));
#3933=CARTESIAN_POINT('Origin',(-6.7499999999453,127.499999999993,-31.));
#3934=CARTESIAN_POINT('',(-6.74999999994674,131.999999999993,-28.6));
#3935=CARTESIAN_POINT('Origin',(-64.7499999999469,134.249999999993,-31.));
#3936=CARTESIAN_POINT('',(-64.7499999999469,133.999999999993,-33.4));
#3937=CARTESIAN_POINT('',(-64.7499999999469,134.249999999993,-33.65));
#3938=CARTESIAN_POINT('',(-64.7499999999469,133.999999999993,-28.6));
#3939=CARTESIAN_POINT('Origin',(-64.7499999999469,133.999999999993,-31.));
#3940=CARTESIAN_POINT('Origin',(-64.7499999999469,133.999999999993,-31.));
#3941=CARTESIAN_POINT('Origin',(-64.7499999999469,131.999999999993,-31.));
#3942=CARTESIAN_POINT('',(-64.7499999999469,127.499999999993,-28.6));
#3943=CARTESIAN_POINT('Origin',(-64.7499999999454,127.499999999993,-31.));
#3944=CARTESIAN_POINT('',(-64.7499999999469,131.999999999993,-28.6));
#3945=CARTESIAN_POINT('Origin',(-64.7499999999469,134.249999999993,-54.0000000000001));
#3946=CARTESIAN_POINT('',(-64.7499999999469,133.999999999993,-56.4000000000001));
#3947=CARTESIAN_POINT('',(-64.7499999999469,134.249999999993,-56.6500000000001));
#3948=CARTESIAN_POINT('',(-64.7499999999469,133.999999999993,-51.6000000000001));
#3949=CARTESIAN_POINT('Origin',(-64.7499999999469,133.999999999993,-54.0000000000001));
#3950=CARTESIAN_POINT('Origin',(-64.7499999999469,133.999999999993,-54.0000000000001));
#3951=CARTESIAN_POINT('Origin',(-64.7499999999469,131.999999999993,-54.0000000000001));
#3952=CARTESIAN_POINT('',(-64.7499999999469,127.499999999993,-51.6000000000001));
#3953=CARTESIAN_POINT('Origin',(-64.7499999999454,127.499999999993,-54.0000000000001));
#3954=CARTESIAN_POINT('',(-64.7499999999469,131.999999999993,-51.6000000000001));
#3955=CARTESIAN_POINT('Origin',(-53.4499999999482,134.249999999993,-42.7));
#3956=CARTESIAN_POINT('',(-53.4499999999482,133.999999999993,-53.));
#3957=CARTESIAN_POINT('',(-53.4499999999482,133.999999999993,-53.));
#3958=CARTESIAN_POINT('',(-63.7499999999482,133.999999999993,-42.7));
#3959=CARTESIAN_POINT('',(-64.2499999999482,134.499999999993,-42.7));
#3960=CARTESIAN_POINT('Origin',(-53.4499999999482,133.999999999993,-42.7));
#3961=CARTESIAN_POINT('Origin',(-68.6249999999232,134.249999999993,-53.25));
#3962=CARTESIAN_POINT('',(-18.0499999999482,133.999999999993,-53.));
#3963=CARTESIAN_POINT('',(-18.0499999999482,133.999999999993,-53.));
#3964=CARTESIAN_POINT('',(-68.6249999999232,133.999999999993,-53.));
#3965=CARTESIAN_POINT('Origin',(-18.0499999999482,134.249999999993,-42.7));
#3966=CARTESIAN_POINT('',(-7.74999999994821,133.999999999993,-42.7));
#3967=CARTESIAN_POINT('Origin',(-18.0499999999482,133.999999999993,-42.7));
#3968=CARTESIAN_POINT('',(-7.74999999994821,133.999999999993,-42.7));
#3969=CARTESIAN_POINT('Origin',(-7.49999999994821,134.249999999993,-30.875));
#3970=CARTESIAN_POINT('',(-7.74999999994821,133.999999999993,-42.3));
#3971=CARTESIAN_POINT('',(-7.74999999994821,133.999999999993,-42.3));
#3972=CARTESIAN_POINT('',(-7.74999999994821,133.999999999993,-30.875));
#3973=CARTESIAN_POINT('Origin',(-18.0499999999482,134.249999999993,-42.3));
#3974=CARTESIAN_POINT('',(-18.0499999999482,133.999999999993,-32.));
#3975=CARTESIAN_POINT('',(-18.0499999999482,133.999999999993,-32.));
#3976=CARTESIAN_POINT('Origin',(-18.0499999999482,133.999999999993,-42.3));
#3977=CARTESIAN_POINT('Origin',(-38.6249999999232,134.249999999993,-31.75));
#3978=CARTESIAN_POINT('',(-53.4499999999482,133.999999999993,-32.));
#3979=CARTESIAN_POINT('',(-53.4499999999482,133.999999999993,-32.));
#3980=CARTESIAN_POINT('',(-38.6249999999232,133.999999999993,-32.));
#3981=CARTESIAN_POINT('Origin',(-53.4499999999482,134.249999999993,-42.3));
#3982=CARTESIAN_POINT('',(-63.7499999999482,133.999999999993,-42.3));
#3983=CARTESIAN_POINT('Origin',(-53.4499999999482,133.999999999993,-42.3));
#3984=CARTESIAN_POINT('',(-63.7499999999482,133.999999999993,-42.3));
#3985=CARTESIAN_POINT('Origin',(-63.9999999999482,134.249999999993,-18.375));
#3986=CARTESIAN_POINT('',(-63.7499999999482,133.999999999993,-18.375));
#3987=CARTESIAN_POINT('Origin',(-7.74999999994821,134.499999999993,-55.));
#3988=CARTESIAN_POINT('',(-7.74999999994816,129.999999999993,-42.7));
#3989=CARTESIAN_POINT('',(-7.74999999994821,134.499999999993,-42.7));
#3990=CARTESIAN_POINT('',(-7.74999999994816,129.999999999993,-42.3));
#3991=CARTESIAN_POINT('',(-7.74999999994816,129.999999999993,-30.875));
#3992=CARTESIAN_POINT('',(-7.74999999994821,134.499999999993,-42.3));
#3993=CARTESIAN_POINT('Origin',(-18.0499999999482,134.499999999993,-42.7));
#3994=CARTESIAN_POINT('',(-18.0499999999482,129.999999999993,-53.));
#3995=CARTESIAN_POINT('',(-18.0499999999482,134.499999999993,-53.));
#3996=CARTESIAN_POINT('Origin',(-18.0499999999482,129.999999999993,-42.7));
#3997=CARTESIAN_POINT('Origin',(-65.7499999999482,134.499999999993,-53.));
#3998=CARTESIAN_POINT('',(-53.4499999999482,129.999999999993,-53.));
#3999=CARTESIAN_POINT('',(-53.4499999999482,134.499999999993,-53.));
#4000=CARTESIAN_POINT('',(-68.6249999999232,129.999999999993,-53.));
#4001=CARTESIAN_POINT('Origin',(-53.4499999999482,134.499999999993,-42.7));
#4002=CARTESIAN_POINT('',(-63.7499999999482,129.999999999993,-42.7));
#4003=CARTESIAN_POINT('',(-63.7499999999482,134.499999999993,-42.7));
#4004=CARTESIAN_POINT('Origin',(-53.4499999999482,129.999999999993,-42.7));
#4005=CARTESIAN_POINT('Origin',(-38.6249999999232,129.749999999993,-26.25));
#4006=CARTESIAN_POINT('',(-60.5080450246393,129.999999999993,-26.));
#4007=CARTESIAN_POINT('',(-60.5080450246393,129.499999999993,-26.5));
#4008=CARTESIAN_POINT('',(-60.5080450246393,129.999999999993,-26.));
#4009=CARTESIAN_POINT('',(-10.9919549752543,129.499999999993,-26.5));
#4010=CARTESIAN_POINT('',(-38.6249999999232,129.499999999993,-26.5));
#4011=CARTESIAN_POINT('',(-10.9919549752543,129.999999999993,-26.));
#4012=CARTESIAN_POINT('',(-10.9919549752543,129.499999999993,-26.5));
#4013=CARTESIAN_POINT('',(-38.6249999999232,129.999999999993,-26.));
#4014=CARTESIAN_POINT('Origin',(-60.5080450246393,129.749999999993,-22.));
#4015=CARTESIAN_POINT('',(-64.3615469663096,129.999999999993,-23.0726242517972));
#4016=CARTESIAN_POINT('Origin',(-60.5080450246393,129.999999999993,-22.));
#4017=CARTESIAN_POINT('',(-64.8432347090183,129.499999999993,-23.2067022832718));
#4018=CARTESIAN_POINT('',(-64.3615469663096,129.999999999993,-23.0726242517972));
#4019=CARTESIAN_POINT('Origin',(-60.5080450246393,129.499999999993,-22.));
#4020=CARTESIAN_POINT('Origin',(-69.0039823948776,129.749999999993,-7.32653804335344));
#4021=CARTESIAN_POINT('',(-68.0882131726112,129.999999999993,-9.6842308438735));
#4022=CARTESIAN_POINT('',(-68.7631385235232,129.999999999993,-7.25949902761612));
#4023=CARTESIAN_POINT('',(-68.5699009153199,129.499999999993,-9.81830887534815));
#4024=CARTESIAN_POINT('',(-68.0882131726112,129.999999999993,-9.6842308438735));
#4025=CARTESIAN_POINT('',(-69.2448262662319,129.499999999993,-7.39357705909076));
#4026=CARTESIAN_POINT('Origin',(-64.2347112309408,129.749999999993,-8.61160659207632));
#4027=CARTESIAN_POINT('',(-68.1095319077181,129.999999999993,-7.61874974296894));
#4028=CARTESIAN_POINT('Origin',(-64.2347112309408,129.999999999993,-8.61160659207632));
#4029=CARTESIAN_POINT('',(-68.5938844923152,129.499999999993,-7.49464263683051));
#4030=CARTESIAN_POINT('',(-68.1095319077181,129.999999999993,-7.61874974296894));
#4031=CARTESIAN_POINT('Origin',(-64.2347112309408,129.499999999993,-8.61160659207632));
#4032=CARTESIAN_POINT('Origin',(-71.4999999998982,129.749999999993,-6.74999999999997));
#4033=CARTESIAN_POINT('',(-73.954009852584,129.999999999993,-9.24556319153026));
#4034=CARTESIAN_POINT('',(-73.603437016486,129.499999999993,-8.88905416416879));
#4035=CARTESIAN_POINT('',(-73.954009852584,129.999999999993,-9.24556319153026));
#4036=CARTESIAN_POINT('Origin',(-71.4999999998982,129.499999999993,-6.74999999999997));
#4037=CARTESIAN_POINT('Origin',(-71.4999999998982,129.999999999993,-6.74999999999997));
#4038=CARTESIAN_POINT('Origin',(-76.7585925413678,129.749999999993,-12.097635410422));
#4039=CARTESIAN_POINT('',(-72.9050905996976,129.999999999993,-11.0250111586249));
#4040=CARTESIAN_POINT('Origin',(-76.7585925413678,129.999999999993,-12.097635410422));
#4041=CARTESIAN_POINT('',(-72.4234028569888,129.499999999993,-10.8909331271502));
#4042=CARTESIAN_POINT('',(-72.9050905996976,129.999999999993,-11.0250111586249));
#4043=CARTESIAN_POINT('Origin',(-76.7585925413678,129.499999999993,-12.097635410422));
#4044=CARTESIAN_POINT('Origin',(-70.9363346853578,129.749999999993,-17.1656561492146));
#4045=CARTESIAN_POINT('',(-68.964868251356,129.999999999993,-25.1806247805501));
#4046=CARTESIAN_POINT('',(-68.4831805086472,129.499999999993,-25.0465467490755));
#4047=CARTESIAN_POINT('',(-68.964868251356,129.999999999993,-25.1806247805501));
#4048=CARTESIAN_POINT('',(-70.6954908140034,129.499999999993,-17.0986171334772));
#4049=CARTESIAN_POINT('',(-71.1771785567122,129.999999999993,-17.2326951649519));
#4050=CARTESIAN_POINT('Origin',(-72.8183701930261,129.749999999993,-26.2532490323473));
#4051=CARTESIAN_POINT('',(-69.2841850964871,129.999999999993,-28.1266245161736));
#4052=CARTESIAN_POINT('Origin',(-72.8183701930262,129.999999999993,-26.2532490323473));
#4053=CARTESIAN_POINT('',(-68.8424119594198,129.499999999993,-28.3607964516519));
#4054=CARTESIAN_POINT('',(-69.2841850964871,129.999999999993,-28.1266245161736));
#4055=CARTESIAN_POINT('Origin',(-72.8183701930261,129.499999999993,-26.2532490323473));
#4056=CARTESIAN_POINT('Origin',(-65.7499999999482,129.749999999993,-30.));
#4057=CARTESIAN_POINT('',(-69.7499999999482,129.999999999993,-30.));
#4058=CARTESIAN_POINT('',(-69.2499999999482,129.499999999993,-30.));
#4059=CARTESIAN_POINT('',(-69.7499999999482,129.999999999993,-30.));
#4060=CARTESIAN_POINT('Origin',(-65.7499999999481,129.499999999993,-30.));
#4061=CARTESIAN_POINT('Origin',(-65.7499999999482,129.999999999993,-30.));
#4062=CARTESIAN_POINT('Origin',(-69.4999999999482,129.749999999993,-18.375));
#4063=CARTESIAN_POINT('',(-69.7499999999482,129.999999999993,-55.));
#4064=CARTESIAN_POINT('',(-69.2499999999482,129.499999999993,-55.));
#4065=CARTESIAN_POINT('',(-69.7499999999482,129.999999999993,-55.));
#4066=CARTESIAN_POINT('',(-69.2499999999482,129.499999999993,-18.375));
#4067=CARTESIAN_POINT('',(-69.7499999999482,129.999999999993,-18.375));
#4068=CARTESIAN_POINT('Origin',(-65.7499999999482,129.749999999993,-55.));
#4069=CARTESIAN_POINT('',(-69.2841850964871,129.999999999993,-56.8733754838264));
#4070=CARTESIAN_POINT('',(-68.8424119594198,129.499999999993,-56.639203548348));
#4071=CARTESIAN_POINT('',(-69.2841850964871,129.999999999993,-56.8733754838264));
#4072=CARTESIAN_POINT('Origin',(-65.7499999999481,129.499999999993,-55.));
#4073=CARTESIAN_POINT('Origin',(-65.7499999999482,129.999999999993,-55.));
#4074=CARTESIAN_POINT('Origin',(-72.8183701930261,129.749999999993,-58.7467509676527));
#4075=CARTESIAN_POINT('',(-68.964868251356,129.999999999993,-59.8193752194499));
#4076=CARTESIAN_POINT('Origin',(-72.8183701930261,129.999999999993,-58.7467509676527));
#4077=CARTESIAN_POINT('',(-68.4831805086471,129.499999999993,-59.9534532509245));
#4078=CARTESIAN_POINT('',(-68.964868251356,129.999999999993,-59.8193752194499));
#4079=CARTESIAN_POINT('Origin',(-72.8183701930261,129.499999999993,-58.7467509676527));
#4080=CARTESIAN_POINT('Origin',(-64.1036966403727,129.749999999993,-43.2874590223233));
#4081=CARTESIAN_POINT('',(-72.9050905996976,129.999999999993,-73.9749888413751));
#4082=CARTESIAN_POINT('',(-72.4234028569889,129.499999999993,-74.1090668728497));
#4083=CARTESIAN_POINT('',(-72.9050905996976,129.999999999993,-73.9749888413751));
#4084=CARTESIAN_POINT('',(-63.8628527690183,129.499999999993,-43.3544980380606));
#4085=CARTESIAN_POINT('',(-64.3445405117271,129.999999999993,-43.220420006586));
#4086=CARTESIAN_POINT('Origin',(-76.7585925413678,129.749999999993,-72.9023645895779));
#4087=CARTESIAN_POINT('',(-73.954009852584,129.999999999993,-75.7544368084697));
#4088=CARTESIAN_POINT('Origin',(-76.7585925413678,129.999999999993,-72.9023645895779));
#4089=CARTESIAN_POINT('',(-73.6034370164861,129.499999999993,-76.1109458358312));
#4090=CARTESIAN_POINT('',(-73.954009852584,129.999999999993,-75.7544368084697));
#4091=CARTESIAN_POINT('Origin',(-76.7585925413678,129.499999999993,-72.9023645895779));
#4092=CARTESIAN_POINT('Origin',(-71.4999999998982,129.749999999993,-78.25));
#4093=CARTESIAN_POINT('',(-68.1095319077181,129.999999999993,-77.381250257031));
#4094=CARTESIAN_POINT('',(-68.5938844923153,129.499999999993,-77.5053573631695));
#4095=CARTESIAN_POINT('',(-68.1095319077181,129.999999999993,-77.381250257031));
#4096=CARTESIAN_POINT('Origin',(-71.4999999998982,129.499999999993,-78.25));
#4097=CARTESIAN_POINT('Origin',(-71.4999999998982,129.999999999993,-78.25));
#4098=CARTESIAN_POINT('Origin',(-64.2347112309408,129.749999999993,-76.3883934079237));
#4099=CARTESIAN_POINT('',(-68.0882131726112,129.999999999993,-75.3157691561265));
#4100=CARTESIAN_POINT('Origin',(-64.2347112309408,129.999999999993,-76.3883934079237));
#4101=CARTESIAN_POINT('',(-68.5699009153199,129.499999999993,-75.1816911246519));
#4102=CARTESIAN_POINT('',(-68.0882131726112,129.999999999993,-75.3157691561265));
#4103=CARTESIAN_POINT('Origin',(-64.2347112309408,129.499999999993,-76.3883934079237));
#4104=CARTESIAN_POINT('Origin',(-57.3245042845703,129.749999999993,-35.7138554118981));
#4105=CARTESIAN_POINT('',(-64.3615469663096,129.999999999993,-61.9273757482028));
#4106=CARTESIAN_POINT('',(-57.0836604132159,129.999999999993,-35.7808944276354));
#4107=CARTESIAN_POINT('',(-64.8432347090183,129.499999999993,-61.7932977167282));
#4108=CARTESIAN_POINT('',(-64.3615469663096,129.999999999993,-61.9273757482028));
#4109=CARTESIAN_POINT('',(-57.5653481559247,129.499999999993,-35.6468163961608));
#4110=CARTESIAN_POINT('Origin',(-60.5080450246393,129.749999999993,-63.));
#4111=CARTESIAN_POINT('',(-60.5080450246393,129.999999999993,-59.));
#4112=CARTESIAN_POINT('Origin',(-60.5080450246393,129.999999999993,-63.));
#4113=CARTESIAN_POINT('',(-60.5080450246393,129.499999999993,-58.5));
#4114=CARTESIAN_POINT('',(-60.5080450246393,129.999999999993,-59.));
#4115=CARTESIAN_POINT('Origin',(-60.5080450246393,129.499999999993,-63.));
#4116=CARTESIAN_POINT('Origin',(-68.6249999999232,129.749999999993,-58.75));
#4117=CARTESIAN_POINT('',(-10.9919549752542,129.999999999993,-59.));
#4118=CARTESIAN_POINT('',(-10.9919549752542,129.499999999993,-58.5));
#4119=CARTESIAN_POINT('',(-10.9919549752542,129.999999999993,-59.));
#4120=CARTESIAN_POINT('',(-68.6249999999232,129.499999999993,-58.5));
#4121=CARTESIAN_POINT('',(-68.6249999999232,129.999999999993,-59.));
#4122=CARTESIAN_POINT('Origin',(-10.9919549752542,129.749999999992,-63.));
#4123=CARTESIAN_POINT('',(-7.13845303358397,129.999999999992,-61.9273757482028));
#4124=CARTESIAN_POINT('Origin',(-10.9919549752542,129.999999999992,-63.));
#4125=CARTESIAN_POINT('',(-6.65676529087518,129.499999999993,-61.7932977167281));
#4126=CARTESIAN_POINT('',(-7.13845303358397,129.999999999992,-61.9273757482028));
#4127=CARTESIAN_POINT('Origin',(-10.9919549752542,129.499999999993,-63.));
#4128=CARTESIAN_POINT('Origin',(-14.3021923928452,129.749999999993,-35.2586858667237));
#4129=CARTESIAN_POINT('',(-3.41178682728383,129.999999999993,-75.3157691561208));
#4130=CARTESIAN_POINT('',(-14.5430362641996,129.999999999993,-35.325724882461));
#4131=CARTESIAN_POINT('',(-2.93009908457504,129.499999999994,-75.1816911246462));
#4132=CARTESIAN_POINT('',(-3.41178682728383,129.999999999993,-75.3157691561208));
#4133=CARTESIAN_POINT('',(-14.0613485214908,129.499999999993,-35.1916468509864));
#4134=CARTESIAN_POINT('Origin',(-7.26528876895403,129.749999999993,-76.388393407918));
#4135=CARTESIAN_POINT('',(-3.39046809217754,129.999999999993,-77.3812502570284));
#4136=CARTESIAN_POINT('Origin',(-7.26528876895403,129.999999999993,-76.388393407918));
#4137=CARTESIAN_POINT('',(-2.90611550758048,129.499999999994,-77.5053573631672));
#4138=CARTESIAN_POINT('',(-3.39046809217754,129.999999999993,-77.3812502570284));
#4139=CARTESIAN_POINT('Origin',(-7.26528876895403,129.499999999993,-76.388393407918));
#4140=CARTESIAN_POINT('Origin',(1.88852593085422E-12,129.749999999994,-78.25));
#4141=CARTESIAN_POINT('',(2.45400985268966,129.999999999994,-75.7544368084716));
#4142=CARTESIAN_POINT('',(2.10343701659141,129.499999999994,-76.1109458358328));
#4143=CARTESIAN_POINT('',(2.45400985268966,129.999999999994,-75.7544368084716));
#4144=CARTESIAN_POINT('Origin',(1.89132152631699E-12,129.499999999994,-78.25));
#4145=CARTESIAN_POINT('Origin',(1.88573033539145E-12,129.999999999994,-78.25));
#4146=CARTESIAN_POINT('Origin',(5.25859254147569,129.749999999994,-72.902364589582));
#4147=CARTESIAN_POINT('',(1.40509059980536,129.999999999994,-73.9749888413792));
#4148=CARTESIAN_POINT('Origin',(5.25859254147569,129.999999999994,-72.902364589582));
#4149=CARTESIAN_POINT('',(0.923402857096644,129.499999999994,-74.1090668728538));
#4150=CARTESIAN_POINT('',(1.40509059980536,129.999999999994,-73.9749888413792));
#4151=CARTESIAN_POINT('Origin',(5.2585925414757,129.499999999994,-72.902364589582));
#4152=CARTESIAN_POINT('Origin',(-12.369840102365,129.749999999993,-25.4195677608626));
#4153=CARTESIAN_POINT('',(-2.53513174853858,129.999999999993,-59.8193752194463));
#4154=CARTESIAN_POINT('',(-3.01681949124736,129.499999999994,-59.9534532509209));
#4155=CARTESIAN_POINT('',(-2.53513174853858,129.999999999993,-59.8193752194463));
#4156=CARTESIAN_POINT('',(-12.6106839737194,129.499999999993,-25.4866067765999));
#4157=CARTESIAN_POINT('',(-12.1289962310106,129.999999999993,-25.3525287451253));
#4158=CARTESIAN_POINT('Origin',(1.31837019313175,129.749999999994,-58.7467509676491));
#4159=CARTESIAN_POINT('',(-2.21581490340821,129.999999999994,-56.8733754838245));
#4160=CARTESIAN_POINT('Origin',(1.31837019313175,129.999999999994,-58.7467509676491));
#4161=CARTESIAN_POINT('',(-2.6575880404757,129.499999999994,-56.6392035483465));
#4162=CARTESIAN_POINT('',(-2.21581490340821,129.999999999994,-56.8733754838245));
#4163=CARTESIAN_POINT('Origin',(1.31837019313175,129.499999999994,-58.7467509676491));
#4164=CARTESIAN_POINT('Origin',(-5.74999999994816,129.749999999994,-55.));
#4165=CARTESIAN_POINT('',(-1.74999999994816,129.999999999994,-55.));
#4166=CARTESIAN_POINT('',(-2.24999999994816,129.499999999994,-55.));
#4167=CARTESIAN_POINT('',(-1.74999999994816,129.999999999994,-55.));
#4168=CARTESIAN_POINT('Origin',(-5.74999999994816,129.499999999994,-55.));
#4169=CARTESIAN_POINT('Origin',(-5.74999999994816,129.999999999993,-55.));
#4170=CARTESIAN_POINT('Origin',(-1.99999999994816,129.749999999994,-30.875));
#4171=CARTESIAN_POINT('',(-1.74999999994816,129.999999999994,-30.));
#4172=CARTESIAN_POINT('',(-2.24999999994816,129.499999999994,-30.));
#4173=CARTESIAN_POINT('',(-1.74999999994816,129.999999999994,-30.));
#4174=CARTESIAN_POINT('',(-2.24999999994816,129.499999999994,-30.875));
#4175=CARTESIAN_POINT('',(-1.74999999994816,129.999999999994,-30.875));
#4176=CARTESIAN_POINT('Origin',(-5.74999999994816,129.749999999994,-30.));
#4177=CARTESIAN_POINT('',(-2.21581490340821,129.999999999994,-28.1266245161754));
#4178=CARTESIAN_POINT('',(-2.6575880404757,129.499999999994,-28.3607964516535));
#4179=CARTESIAN_POINT('',(-2.21581490340821,129.999999999994,-28.1266245161754));
#4180=CARTESIAN_POINT('Origin',(-5.74999999994816,129.499999999994,-30.));
#4181=CARTESIAN_POINT('Origin',(-5.74999999994817,129.999999999993,-30.));
#4182=CARTESIAN_POINT('Origin',(1.31837019313174,129.749999999994,-26.2532490323509));
#4183=CARTESIAN_POINT('',(-2.5351317485386,129.999999999994,-25.1806247805537));
#4184=CARTESIAN_POINT('Origin',(1.31837019313174,129.999999999994,-26.2532490323509));
#4185=CARTESIAN_POINT('',(-3.01681949124731,129.499999999994,-25.046546749079));
#4186=CARTESIAN_POINT('',(-2.5351317485386,129.999999999994,-25.1806247805537));
#4187=CARTESIAN_POINT('Origin',(1.31837019313174,129.499999999994,-26.2532490323509));
#4188=CARTESIAN_POINT('Origin',(-0.731527269582057,129.749999999993,-17.7687157654967));
#4189=CARTESIAN_POINT('',(1.40509059980532,129.999999999993,-11.0250111586207));
#4190=CARTESIAN_POINT('',(0.923402857096539,129.499999999994,-10.890933127146));
#4191=CARTESIAN_POINT('',(1.40509059980532,129.999999999993,-11.0250111586207));
#4192=CARTESIAN_POINT('',(-0.972371140936449,129.499999999994,-17.7016767497594));
#4193=CARTESIAN_POINT('',(-0.490683398227665,129.999999999993,-17.8357547812341));
#4194=CARTESIAN_POINT('Origin',(5.25859254147566,129.749999999994,-12.0976354104179));
#4195=CARTESIAN_POINT('',(2.45400985268961,129.999999999994,-9.24556319152832));
#4196=CARTESIAN_POINT('Origin',(5.25859254147566,129.999999999994,-12.0976354104179));
#4197=CARTESIAN_POINT('',(2.10343701659136,129.499999999994,-8.88905416416712));
#4198=CARTESIAN_POINT('',(2.45400985268961,129.999999999994,-9.24556319152832));
#4199=CARTESIAN_POINT('Origin',(5.25859254147566,129.499999999994,-12.0976354104179));
#4200=CARTESIAN_POINT('Origin',(1.81747165727821E-12,129.749999999994,-6.74999999999995));
#4201=CARTESIAN_POINT('',(-3.39046809217761,129.999999999994,-7.61874974297156));
#4202=CARTESIAN_POINT('',(-2.90611550758054,129.499999999994,-7.49464263683276));
#4203=CARTESIAN_POINT('',(-3.39046809217761,129.999999999994,-7.61874974297156));
#4204=CARTESIAN_POINT('Origin',(1.82026725274098E-12,129.499999999994,-6.74999999999995));
#4205=CARTESIAN_POINT('Origin',(1.81467606181544E-12,129.999999999994,-6.74999999999995));
#4206=CARTESIAN_POINT('Origin',(-7.26528876895409,129.749999999993,-8.61160659208197));
#4207=CARTESIAN_POINT('',(-3.41178682728389,129.999999999993,-9.68423084387913));
#4208=CARTESIAN_POINT('Origin',(-7.26528876895409,129.999999999993,-8.61160659208197));
#4209=CARTESIAN_POINT('',(-2.93009908457504,129.499999999994,-9.8183088753538));
#4210=CARTESIAN_POINT('',(-3.41178682728389,129.999999999993,-9.68423084387913));
#4211=CARTESIAN_POINT('Origin',(-7.26528876895409,129.499999999993,-8.61160659208197));
#4212=CARTESIAN_POINT('Origin',(-7.51071962538447,129.749999999993,-25.342319375922));
#4213=CARTESIAN_POINT('',(-7.13845303358399,129.999999999993,-23.0726242517972));
#4214=CARTESIAN_POINT('',(-7.75156349673886,129.999999999993,-25.2752803601847));
#4215=CARTESIAN_POINT('',(-6.65676529087521,129.499999999993,-23.2067022832718));
#4216=CARTESIAN_POINT('',(-7.13845303358399,129.999999999993,-23.0726242517972));
#4217=CARTESIAN_POINT('',(-7.26987575403008,129.499999999993,-25.4093583916593));
#4218=CARTESIAN_POINT('Origin',(-10.9919549752543,129.749999999992,-22.));
#4219=CARTESIAN_POINT('Origin',(-10.9919549752543,129.999999999992,-22.));
#4220=CARTESIAN_POINT('Origin',(-10.9919549752543,129.499999999993,-22.));
#4221=CARTESIAN_POINT('Origin',(-71.4999999998983,134.499999999993,-78.25));
#4222=CARTESIAN_POINT('',(-73.9540098525841,133.999999999993,-75.7544368084697));
#4223=CARTESIAN_POINT('',(-73.9540098525841,134.499999999993,-75.7544368084697));
#4224=CARTESIAN_POINT('',(-68.1095319077181,133.999999999993,-77.381250257031));
#4225=CARTESIAN_POINT('Origin',(-71.4999999998983,133.999999999993,-78.25));
#4226=CARTESIAN_POINT('',(-68.1095319077182,134.499999999993,-77.381250257031));
#4227=CARTESIAN_POINT('Origin',(-76.7585925413679,134.499999999993,-72.9023645895779));
#4228=CARTESIAN_POINT('',(-72.9050905996976,133.999999999993,-73.9749888413751));
#4229=CARTESIAN_POINT('',(-72.9050905996976,134.499999999993,-73.9749888413751));
#4230=CARTESIAN_POINT('Origin',(-76.7585925413679,133.999999999993,-72.9023645895779));
#4231=CARTESIAN_POINT('Origin',(-73.2515931877813,129.499999999993,-75.2198314726477));
#4232=CARTESIAN_POINT('',(-68.9648682513559,133.999999999993,-59.8193752194499));
#4233=CARTESIAN_POINT('',(-68.9648682513559,134.499999999993,-59.8193752194499));
#4234=CARTESIAN_POINT('',(-64.3445405117271,133.999999999993,-43.220420006586));
#4235=CARTESIAN_POINT('Origin',(-72.8183701930262,134.499999999993,-58.7467509676527));
#4236=CARTESIAN_POINT('',(-69.2841850964872,133.999999999993,-56.8733754838264));
#4237=CARTESIAN_POINT('',(-69.2841850964872,134.499999999993,-56.8733754838264));
#4238=CARTESIAN_POINT('Origin',(-72.8183701930262,133.999999999993,-58.7467509676527));
#4239=CARTESIAN_POINT('Origin',(-65.7499999999482,134.499999999993,-55.));
#4240=CARTESIAN_POINT('',(-69.7499999999482,133.999999999993,-55.));
#4241=CARTESIAN_POINT('',(-69.7499999999482,134.499999999993,-55.));
#4242=CARTESIAN_POINT('Origin',(-65.7499999999482,133.999999999993,-55.));
#4243=CARTESIAN_POINT('Origin',(-69.7499999999482,134.499999999993,-30.));
#4244=CARTESIAN_POINT('',(-69.7499999999482,133.999999999993,-30.));
#4245=CARTESIAN_POINT('',(-69.7499999999482,134.499999999993,-30.));
#4246=CARTESIAN_POINT('',(-69.7499999999482,133.999999999993,-18.375));
#4247=CARTESIAN_POINT('Origin',(-65.7499999999482,134.499999999993,-30.));
#4248=CARTESIAN_POINT('',(-69.2841850964872,133.999999999993,-28.1266245161736));
#4249=CARTESIAN_POINT('',(-69.2841850964872,134.499999999993,-28.1266245161736));
#4250=CARTESIAN_POINT('Origin',(-65.7499999999482,133.999999999993,-30.));
#4251=CARTESIAN_POINT('Origin',(-72.8183701930262,134.499999999993,-26.2532490323473));
#4252=CARTESIAN_POINT('',(-68.9648682513559,133.999999999993,-25.1806247805501));
#4253=CARTESIAN_POINT('',(-68.9648682513559,134.499999999993,-25.1806247805501));
#4254=CARTESIAN_POINT('Origin',(-72.8183701930262,133.999999999993,-26.2532490323473));
#4255=CARTESIAN_POINT('Origin',(-68.4459183999837,129.499999999993,-27.045000172531));
#4256=CARTESIAN_POINT('',(-72.9050905996976,133.999999999993,-11.0250111586248));
#4257=CARTESIAN_POINT('',(-72.9050905996976,134.499999999993,-11.0250111586248));
#4258=CARTESIAN_POINT('',(-71.1771785567122,133.999999999993,-17.2326951649519));
#4259=CARTESIAN_POINT('Origin',(-76.7585925413679,134.499999999993,-12.097635410422));
#4260=CARTESIAN_POINT('',(-73.9540098525841,133.999999999993,-9.24556319153026));
#4261=CARTESIAN_POINT('',(-73.9540098525841,134.499999999993,-9.24556319153026));
#4262=CARTESIAN_POINT('Origin',(-76.7585925413679,133.999999999993,-12.097635410422));
#4263=CARTESIAN_POINT('Origin',(-71.4999999998982,134.499999999993,-6.74999999999997));
#4264=CARTESIAN_POINT('',(-68.1095319077181,133.999999999993,-7.61874974296894));
#4265=CARTESIAN_POINT('',(-68.1095319077181,134.499999999993,-7.61874974296894));
#4266=CARTESIAN_POINT('Origin',(-71.4999999998982,133.999999999993,-6.74999999999997));
#4267=CARTESIAN_POINT('Origin',(-64.2347112309409,134.499999999993,-8.61160659207632));
#4268=CARTESIAN_POINT('',(-68.0882131726111,133.999999999993,-9.68423084387349));
#4269=CARTESIAN_POINT('',(-68.0882131726111,134.499999999993,-9.68423084387349));
#4270=CARTESIAN_POINT('Origin',(-64.2347112309409,133.999999999993,-8.61160659207632));
#4271=CARTESIAN_POINT('Origin',(-68.4347157606934,129.499999999993,-8.43938821260587));
#4272=CARTESIAN_POINT('',(-64.3615469663095,133.999999999993,-23.0726242517972));
#4273=CARTESIAN_POINT('',(-64.3615469663096,131.999999999993,-23.0726242517972));
#4274=CARTESIAN_POINT('',(-68.7631385235231,133.999999999993,-7.2594990276161));
#4275=CARTESIAN_POINT('Origin',(-60.5080450246393,131.999999999993,-22.));
#4276=CARTESIAN_POINT('',(-60.5080450246393,133.999999999993,-26.));
#4277=CARTESIAN_POINT('',(-60.5080450246393,131.999999999993,-26.));
#4278=CARTESIAN_POINT('Origin',(-60.5080450246393,133.999999999993,-22.));
#4279=CARTESIAN_POINT('Origin',(-5.74999999994821,134.499999999994,-26.));
#4280=CARTESIAN_POINT('',(-10.9919549752542,133.999999999993,-26.));
#4281=CARTESIAN_POINT('',(-10.9919549752543,131.999999999993,-26.));
#4282=CARTESIAN_POINT('',(-38.6249999999232,133.999999999993,-26.));
#4283=CARTESIAN_POINT('Origin',(-10.9919549752543,131.999999999993,-22.));
#4284=CARTESIAN_POINT('',(-7.13845303358398,133.999999999992,-23.0726242517972));
#4285=CARTESIAN_POINT('',(-7.13845303358398,131.999999999993,-23.0726242517972));
#4286=CARTESIAN_POINT('Origin',(-10.9919549752542,133.999999999992,-22.));
#4287=CARTESIAN_POINT('Origin',(-7.95328958204679,129.499999999993,-26.));
#4288=CARTESIAN_POINT('',(-3.41178682728387,133.999999999994,-9.68423084387915));
#4289=CARTESIAN_POINT('',(-3.41178682728387,134.499999999993,-9.68423084387915));
#4290=CARTESIAN_POINT('',(-7.75156349673885,133.999999999993,-25.2752803601847));
#4291=CARTESIAN_POINT('Origin',(-7.26528876895414,134.499999999993,-8.61160659208197));
#4292=CARTESIAN_POINT('',(-3.39046809217765,133.999999999993,-7.61874974297156));
#4293=CARTESIAN_POINT('',(-3.39046809217766,134.499999999994,-7.61874974297156));
#4294=CARTESIAN_POINT('Origin',(-7.26528876895414,133.999999999993,-8.61160659208197));
#4295=CARTESIAN_POINT('Origin',(-71.4999999998982,129.499999999993,-6.74999999999997));
#4296=CARTESIAN_POINT('',(-18.0499999999482,129.499999999993,-31.5));
#4297=CARTESIAN_POINT('',(-53.4499999999482,129.499999999993,-31.5));
#4298=CARTESIAN_POINT('',(-38.6249999999232,129.499999999993,-31.5));
#4299=CARTESIAN_POINT('',(-7.24999999994815,129.499999999993,-42.3));
#4300=CARTESIAN_POINT('Origin',(-18.0499999999482,129.499999999993,-42.3));
#4301=CARTESIAN_POINT('',(-7.24999999994816,129.499999999993,-42.7));
#4302=CARTESIAN_POINT('',(-7.24999999994816,129.499999999993,-30.875));
#4303=CARTESIAN_POINT('',(-18.0499999999482,129.499999999993,-53.5));
#4304=CARTESIAN_POINT('Origin',(-18.0499999999482,129.499999999993,-42.7));
#4305=CARTESIAN_POINT('',(-53.4499999999482,129.499999999993,-53.5));
#4306=CARTESIAN_POINT('',(-68.6249999999232,129.499999999993,-53.5));
#4307=CARTESIAN_POINT('',(-64.2499999999482,129.499999999993,-42.7));
#4308=CARTESIAN_POINT('Origin',(-53.4499999999482,129.499999999993,-42.7));
#4309=CARTESIAN_POINT('',(-64.2499999999482,129.499999999993,-42.3));
#4310=CARTESIAN_POINT('',(-64.2499999999482,129.499999999993,-18.375));
#4311=CARTESIAN_POINT('Origin',(-53.4499999999482,129.499999999993,-42.3));
#4312=CARTESIAN_POINT('',(-69.1499999999454,129.499999999993,-31.));
#4313=CARTESIAN_POINT('Origin',(-64.7499999999454,129.499999999993,-31.));
#4314=CARTESIAN_POINT('',(-11.1499999999453,129.499999999993,-54.0000000000001));
#4315=CARTESIAN_POINT('Origin',(-6.74999999994529,129.499999999993,-54.0000000000001));
#4316=CARTESIAN_POINT('',(-1.74999999999811,129.499999999994,-78.25));
#4317=CARTESIAN_POINT('Origin',(1.89130920609019E-12,129.499999999994,-78.25));
#4318=CARTESIAN_POINT('',(-73.2499999998982,129.499999999993,-78.25));
#4319=CARTESIAN_POINT('Origin',(-71.4999999998982,129.499999999993,-78.25));
#4320=CARTESIAN_POINT('',(-1.74999999999818,129.499999999994,-6.74999999999995));
#4321=CARTESIAN_POINT('Origin',(1.82025493251418E-12,129.499999999994,-6.74999999999995));
#4322=CARTESIAN_POINT('',(-73.2499999998982,129.499999999993,-6.74999999999997));
#4323=CARTESIAN_POINT('Origin',(-71.4999999998982,129.499999999993,-6.74999999999997));
#4324=CARTESIAN_POINT('',(-11.1499999999453,129.499999999993,-31.));
#4325=CARTESIAN_POINT('Origin',(-6.7499999999453,129.499999999993,-31.));
#4326=CARTESIAN_POINT('',(-69.1499999999454,129.499999999993,-54.0000000000001));
#4327=CARTESIAN_POINT('Origin',(-64.7499999999454,129.499999999993,-54.0000000000001));
#4328=CARTESIAN_POINT('Origin',(-38.6249999999232,129.749999999993,-31.75));
#4329=CARTESIAN_POINT('',(-18.0499999999482,129.999999999993,-32.));
#4330=CARTESIAN_POINT('',(-18.0499999999482,129.999999999993,-32.));
#4331=CARTESIAN_POINT('',(-53.4499999999482,129.999999999993,-32.));
#4332=CARTESIAN_POINT('',(-53.4499999999482,129.499999999993,-31.5));
#4333=CARTESIAN_POINT('',(-38.6249999999232,129.999999999993,-32.));
#4334=CARTESIAN_POINT('Origin',(-18.0499999999482,129.749999999993,-42.3));
#4335=CARTESIAN_POINT('Origin',(-18.0499999999482,129.999999999993,-42.3));
#4336=CARTESIAN_POINT('',(-7.74999999994816,129.999999999993,-42.3));
#4337=CARTESIAN_POINT('Origin',(-7.49999999994816,129.749999999993,-30.875));
#4338=CARTESIAN_POINT('',(-7.74999999994816,129.999999999993,-42.7));
#4339=CARTESIAN_POINT('Origin',(-18.0499999999482,129.749999999993,-42.7));
#4340=CARTESIAN_POINT('',(-18.0499999999482,129.999999999993,-53.));
#4341=CARTESIAN_POINT('Origin',(-68.6249999999232,129.749999999993,-53.25));
#4342=CARTESIAN_POINT('',(-53.4499999999482,129.999999999993,-53.));
#4343=CARTESIAN_POINT('Origin',(-53.4499999999482,129.749999999993,-42.7));
#4344=CARTESIAN_POINT('',(-63.7499999999482,129.999999999993,-42.7));
#4345=CARTESIAN_POINT('Origin',(-63.9999999999482,129.749999999993,-18.375));
#4346=CARTESIAN_POINT('',(-63.7499999999482,129.999999999993,-42.3));
#4347=CARTESIAN_POINT('',(-63.7499999999482,129.999999999993,-42.3));
#4348=CARTESIAN_POINT('',(-63.7499999999482,129.999999999993,-18.375));
#4349=CARTESIAN_POINT('Origin',(-53.4499999999482,129.749999999993,-42.3));
#4350=CARTESIAN_POINT('Origin',(-53.4499999999482,129.999999999993,-42.3));
#4351=CARTESIAN_POINT('Origin',(-18.0499999999482,134.499999999993,-42.3));
#4352=CARTESIAN_POINT('',(-18.0499999999482,134.499999999993,-32.));
#4353=CARTESIAN_POINT('Origin',(-5.74999999994821,134.499999999994,-32.));
#4354=CARTESIAN_POINT('',(-53.4499999999482,134.499999999993,-32.));
#4355=CARTESIAN_POINT('Origin',(-38.6249999999232,134.249999999993,-26.25));
#4356=CARTESIAN_POINT('',(-10.9919549752542,133.999999999993,-26.));
#4357=CARTESIAN_POINT('',(-60.5080450246393,134.499999999993,-26.5));
#4358=CARTESIAN_POINT('Origin',(-10.9919549752542,134.249999999992,-22.));
#4359=CARTESIAN_POINT('',(-7.13845303358398,133.999999999992,-23.0726242517972));
#4360=CARTESIAN_POINT('Origin',(-7.51071962538446,134.249999999994,-25.342319375922));
#4361=CARTESIAN_POINT('',(-3.41178682728387,133.999999999994,-9.68423084387915));
#4362=CARTESIAN_POINT('Origin',(-7.26528876895414,134.249999999993,-8.61160659208197));
#4363=CARTESIAN_POINT('',(-3.39046809217765,133.999999999993,-7.61874974297156));
#4364=CARTESIAN_POINT('Origin',(1.76724950076274E-12,134.249999999994,-6.74999999999995));
#4365=CARTESIAN_POINT('',(2.45400985268956,133.999999999994,-9.24556319152832));
#4366=CARTESIAN_POINT('Origin',(1.77004509622551E-12,133.999999999994,-6.74999999999995));
#4367=CARTESIAN_POINT('',(2.45400985268956,133.999999999994,-9.24556319152832));
#4368=CARTESIAN_POINT('Origin',(5.25859254147561,134.249999999994,-12.0976354104179));
#4369=CARTESIAN_POINT('',(1.40509059980534,133.999999999994,-11.0250111586207));
#4370=CARTESIAN_POINT('Origin',(5.25859254147561,133.999999999994,-12.0976354104179));
#4371=CARTESIAN_POINT('',(1.40509059980534,133.999999999994,-11.0250111586207));
#4372=CARTESIAN_POINT('Origin',(-0.731527269582041,134.249999999994,-17.7687157654968));
#4373=CARTESIAN_POINT('',(-2.53513174853858,133.999999999994,-25.1806247805537));
#4374=CARTESIAN_POINT('',(-0.490683398227652,133.999999999994,-17.8357547812341));
#4375=CARTESIAN_POINT('',(-2.53513174853858,133.999999999994,-25.1806247805537));
#4376=CARTESIAN_POINT('Origin',(1.31837019313169,134.249999999994,-26.2532490323509));
#4377=CARTESIAN_POINT('',(-2.21581490340826,133.999999999994,-28.1266245161754));
#4378=CARTESIAN_POINT('Origin',(1.31837019313169,133.999999999994,-26.2532490323509));
#4379=CARTESIAN_POINT('',(-2.21581490340826,133.999999999994,-28.1266245161754));
#4380=CARTESIAN_POINT('Origin',(-5.74999999994821,134.249999999994,-30.));
#4381=CARTESIAN_POINT('',(-1.74999999994821,133.999999999994,-30.));
#4382=CARTESIAN_POINT('Origin',(-5.74999999994821,133.999999999993,-30.));
#4383=CARTESIAN_POINT('',(-1.74999999994821,133.999999999994,-30.));
#4384=CARTESIAN_POINT('Origin',(-1.99999999994821,134.249999999994,-30.875));
#4385=CARTESIAN_POINT('',(-1.7499999999482,133.999999999994,-55.));
#4386=CARTESIAN_POINT('',(-1.7499999999482,133.999999999994,-55.));
#4387=CARTESIAN_POINT('',(-1.74999999994821,133.999999999994,-30.875));
#4388=CARTESIAN_POINT('Origin',(-5.74999999994821,134.249999999994,-55.));
#4389=CARTESIAN_POINT('',(-2.21581490340825,133.999999999994,-56.8733754838245));
#4390=CARTESIAN_POINT('Origin',(-5.74999999994821,133.999999999993,-55.));
#4391=CARTESIAN_POINT('',(-2.21581490340825,133.999999999994,-56.8733754838245));
#4392=CARTESIAN_POINT('Origin',(1.3183701931317,134.249999999994,-58.7467509676491));
#4393=CARTESIAN_POINT('',(-2.53513174853857,133.999999999994,-59.8193752194463));
#4394=CARTESIAN_POINT('Origin',(1.3183701931317,133.999999999994,-58.7467509676491));
#4395=CARTESIAN_POINT('',(-2.53513174853857,133.999999999994,-59.8193752194463));
#4396=CARTESIAN_POINT('Origin',(-12.369840102365,134.249999999993,-25.4195677608626));
#4397=CARTESIAN_POINT('',(1.40509059980538,133.999999999994,-73.9749888413792));
#4398=CARTESIAN_POINT('',(-12.1289962310106,133.999999999993,-25.3525287451252));
#4399=CARTESIAN_POINT('',(1.40509059980538,133.999999999994,-73.9749888413792));
#4400=CARTESIAN_POINT('Origin',(5.25859254147564,134.249999999994,-72.902364589582));
#4401=CARTESIAN_POINT('',(2.45400985268962,133.999999999994,-75.7544368084716));
#4402=CARTESIAN_POINT('Origin',(5.25859254147565,133.999999999994,-72.902364589582));
#4403=CARTESIAN_POINT('',(2.45400985268962,133.999999999994,-75.7544368084716));
#4404=CARTESIAN_POINT('Origin',(1.83830377433875E-12,134.249999999994,-78.25));
#4405=CARTESIAN_POINT('',(-3.39046809217759,133.999999999994,-77.3812502570284));
#4406=CARTESIAN_POINT('Origin',(1.84109936980152E-12,133.999999999994,-78.25));
#4407=CARTESIAN_POINT('',(-3.39046809217759,133.999999999994,-77.3812502570284));
#4408=CARTESIAN_POINT('Origin',(-7.26528876895408,134.249999999993,-76.388393407918));
#4409=CARTESIAN_POINT('',(-3.41178682728382,133.999999999993,-75.3157691561208));
#4410=CARTESIAN_POINT('Origin',(-7.26528876895408,133.999999999993,-76.388393407918));
#4411=CARTESIAN_POINT('',(-3.41178682728382,133.999999999993,-75.3157691561208));
#4412=CARTESIAN_POINT('Origin',(-14.3021923928452,134.249999999993,-35.2586858667237));
#4413=CARTESIAN_POINT('',(-7.13845303358395,133.999999999993,-61.9273757482028));
#4414=CARTESIAN_POINT('',(-14.5430362641996,133.999999999993,-35.325724882461));
#4415=CARTESIAN_POINT('',(-7.13845303358395,133.999999999993,-61.9273757482028));
#4416=CARTESIAN_POINT('Origin',(-10.9919549752542,134.249999999992,-63.));
#4417=CARTESIAN_POINT('',(-10.9919549752542,133.999999999992,-59.));
#4418=CARTESIAN_POINT('Origin',(-10.9919549752542,133.999999999992,-63.));
#4419=CARTESIAN_POINT('',(-10.9919549752542,133.999999999992,-59.));
#4420=CARTESIAN_POINT('Origin',(-68.6249999999232,134.249999999993,-58.75));
#4421=CARTESIAN_POINT('',(-60.5080450246393,133.999999999993,-59.));
#4422=CARTESIAN_POINT('',(-60.5080450246393,133.999999999993,-59.));
#4423=CARTESIAN_POINT('',(-68.6249999999232,133.999999999993,-59.));
#4424=CARTESIAN_POINT('Origin',(-60.5080450246393,134.249999999993,-63.));
#4425=CARTESIAN_POINT('',(-64.3615469663095,133.999999999993,-61.9273757482028));
#4426=CARTESIAN_POINT('Origin',(-60.5080450246393,133.999999999993,-63.));
#4427=CARTESIAN_POINT('',(-64.3615469663095,133.999999999993,-61.9273757482028));
#4428=CARTESIAN_POINT('Origin',(-57.3245042845703,134.249999999993,-35.7138554118981));
#4429=CARTESIAN_POINT('',(-68.0882131726112,133.999999999993,-75.3157691561265));
#4430=CARTESIAN_POINT('',(-57.0836604132159,133.999999999993,-35.7808944276354));
#4431=CARTESIAN_POINT('',(-68.0882131726112,133.999999999993,-75.3157691561265));
#4432=CARTESIAN_POINT('Origin',(-64.2347112309409,134.249999999993,-76.3883934079237));
#4433=CARTESIAN_POINT('Origin',(-64.2347112309409,133.999999999993,-76.3883934079237));
#4434=CARTESIAN_POINT('',(-68.1095319077181,133.999999999993,-77.381250257031));
#4435=CARTESIAN_POINT('Origin',(-71.4999999998983,134.249999999993,-78.25));
#4436=CARTESIAN_POINT('',(-73.9540098525841,133.999999999993,-75.7544368084697));
#4437=CARTESIAN_POINT('Origin',(-76.7585925413679,134.249999999993,-72.9023645895779));
#4438=CARTESIAN_POINT('',(-72.9050905996976,133.999999999993,-73.9749888413751));
#4439=CARTESIAN_POINT('Origin',(-64.1036966403727,134.249999999993,-43.2874590223233));
#4440=CARTESIAN_POINT('',(-68.9648682513559,133.999999999993,-59.8193752194499));
#4441=CARTESIAN_POINT('Origin',(-72.8183701930262,134.249999999993,-58.7467509676527));
#4442=CARTESIAN_POINT('',(-69.2841850964872,133.999999999993,-56.8733754838264));
#4443=CARTESIAN_POINT('Origin',(-65.7499999999482,134.249999999993,-55.));
#4444=CARTESIAN_POINT('',(-69.7499999999482,133.999999999993,-55.));
#4445=CARTESIAN_POINT('Origin',(-69.4999999999482,134.249999999993,-18.375));
#4446=CARTESIAN_POINT('',(-69.7499999999482,133.999999999993,-30.));
#4447=CARTESIAN_POINT('Origin',(-65.7499999999482,134.249999999993,-30.));
#4448=CARTESIAN_POINT('',(-69.2841850964872,133.999999999993,-28.1266245161736));
#4449=CARTESIAN_POINT('Origin',(-72.8183701930262,134.249999999993,-26.2532490323473));
#4450=CARTESIAN_POINT('',(-68.9648682513559,133.999999999993,-25.1806247805501));
#4451=CARTESIAN_POINT('Origin',(-70.9363346853578,134.249999999993,-17.1656561492146));
#4452=CARTESIAN_POINT('',(-72.9050905996976,133.999999999993,-11.0250111586248));
#4453=CARTESIAN_POINT('Origin',(-76.7585925413679,134.249999999993,-12.097635410422));
#4454=CARTESIAN_POINT('',(-73.9540098525841,133.999999999993,-9.24556319153026));
#4455=CARTESIAN_POINT('Origin',(-71.4999999998982,134.249999999993,-6.74999999999997));
#4456=CARTESIAN_POINT('',(-68.1095319077181,133.999999999993,-7.61874974296894));
#4457=CARTESIAN_POINT('Origin',(-64.2347112309409,134.249999999993,-8.61160659207632));
#4458=CARTESIAN_POINT('',(-68.0882131726111,133.999999999993,-9.68423084387349));
#4459=CARTESIAN_POINT('Origin',(-69.0039823948775,134.249999999993,-7.32653804335342));
#4460=CARTESIAN_POINT('',(-64.3615469663095,133.999999999993,-23.0726242517972));
#4461=CARTESIAN_POINT('Origin',(-60.5080450246393,134.249999999993,-22.));
#4462=CARTESIAN_POINT('Origin',(1.83552049910278E-12,134.499999999994,-78.25));
#4463=CARTESIAN_POINT('',(-3.39046809217759,134.499999999994,-77.3812502570284));
#4464=CARTESIAN_POINT('',(2.45400985268961,134.499999999994,-75.7544368084716));
#4465=CARTESIAN_POINT('Origin',(5.25859254147564,134.499999999994,-72.902364589582));
#4466=CARTESIAN_POINT('',(1.40509059980538,134.499999999994,-73.9749888413792));
#4467=CARTESIAN_POINT('Origin',(-3.05408159990983,129.499999999993,-57.9549998274691));
#4468=CARTESIAN_POINT('',(-2.53513174853856,134.499999999994,-59.8193752194463));
#4469=CARTESIAN_POINT('Origin',(1.3183701931317,134.499999999994,-58.7467509676491));
#4470=CARTESIAN_POINT('',(-2.21581490340826,134.499999999994,-56.8733754838245));
#4471=CARTESIAN_POINT('Origin',(-5.74999999994821,134.499999999994,-55.));
#4472=CARTESIAN_POINT('',(-1.74999999994821,134.499999999994,-55.));
#4473=CARTESIAN_POINT('Origin',(-1.74999999994821,134.499999999994,-55.));
#4474=CARTESIAN_POINT('',(-1.74999999994821,134.499999999994,-30.));
#4475=CARTESIAN_POINT('Origin',(-5.74999999994822,134.499999999994,-30.));
#4476=CARTESIAN_POINT('',(-2.21581490340826,134.499999999994,-28.1266245161754));
#4477=CARTESIAN_POINT('Origin',(1.31837019313169,134.499999999994,-26.2532490323509));
#4478=CARTESIAN_POINT('',(-2.53513174853858,134.499999999994,-25.1806247805537));
#4479=CARTESIAN_POINT('Origin',(1.75159318788777,129.499999999993,-9.78016852735231));
#4480=CARTESIAN_POINT('',(1.40509059980534,134.499999999994,-11.0250111586207));
#4481=CARTESIAN_POINT('Origin',(5.2585925414756,134.499999999994,-12.0976354104179));
#4482=CARTESIAN_POINT('',(2.45400985268956,134.499999999994,-9.24556319152832));
#4483=CARTESIAN_POINT('Origin',(1.76446622552677E-12,134.499999999994,-6.74999999999995));
#4484=CARTESIAN_POINT('Origin',(-6.7499999999453,127.749999999993,-31.));
#4485=CARTESIAN_POINT('',(-10.1499999999453,127.499999999993,-31.));
#4486=CARTESIAN_POINT('Origin',(-6.7499999999453,127.499999999993,-31.));
#4487=CARTESIAN_POINT('',(-10.6499999999453,127.999999999993,-31.));
#4488=CARTESIAN_POINT('',(-10.3999999999453,127.749999999993,-31.));
#4489=CARTESIAN_POINT('Origin',(-6.7499999999453,127.999999999993,-31.));
#4490=CARTESIAN_POINT('Origin',(-6.7499999999453,129.499999999993,-31.));
#4491=CARTESIAN_POINT('',(-10.6499999999453,128.999999999992,-31.));
#4492=CARTESIAN_POINT('',(-10.6499999999453,129.499999999993,-31.));
#4493=CARTESIAN_POINT('Origin',(-6.7499999999453,128.999999999992,-31.));
#4494=CARTESIAN_POINT('Origin',(-6.7499999999453,127.499999999993,-31.));
#4495=CARTESIAN_POINT('Origin',(-6.74999999994529,127.749999999993,-54.0000000000001));
#4496=CARTESIAN_POINT('',(-10.1499999999453,127.499999999993,-54.0000000000001));
#4497=CARTESIAN_POINT('Origin',(-6.74999999994529,127.499999999993,-54.0000000000001));
#4498=CARTESIAN_POINT('',(-10.6499999999453,127.999999999993,-54.0000000000001));
#4499=CARTESIAN_POINT('',(-10.3999999999453,127.749999999993,-54.0000000000001));
#4500=CARTESIAN_POINT('Origin',(-6.74999999994529,127.999999999993,-54.0000000000001));
#4501=CARTESIAN_POINT('Origin',(-6.74999999994529,129.499999999993,-54.0000000000001));
#4502=CARTESIAN_POINT('',(-10.6499999999453,128.999999999992,-54.0000000000001));
#4503=CARTESIAN_POINT('',(-10.6499999999453,129.499999999993,-54.0000000000001));
#4504=CARTESIAN_POINT('Origin',(-6.74999999994529,128.999999999992,-54.0000000000001));
#4505=CARTESIAN_POINT('Origin',(-6.74999999994529,127.499999999993,-54.0000000000001));
#4506=CARTESIAN_POINT('Origin',(-64.7499999999454,127.749999999993,-54.0000000000001));
#4507=CARTESIAN_POINT('',(-68.1499999999454,127.499999999993,-54.0000000000001));
#4508=CARTESIAN_POINT('Origin',(-64.7499999999454,127.499999999993,-54.0000000000001));
#4509=CARTESIAN_POINT('',(-68.6499999999454,127.999999999993,-54.0000000000001));
#4510=CARTESIAN_POINT('',(-68.3999999999454,127.749999999993,-54.0000000000001));
#4511=CARTESIAN_POINT('Origin',(-64.7499999999454,127.999999999993,-54.0000000000001));
#4512=CARTESIAN_POINT('Origin',(-64.7499999999454,129.499999999993,-54.0000000000001));
#4513=CARTESIAN_POINT('',(-68.6499999999454,128.999999999993,-54.0000000000001));
#4514=CARTESIAN_POINT('',(-68.6499999999454,129.499999999993,-54.0000000000001));
#4515=CARTESIAN_POINT('Origin',(-64.7499999999454,128.999999999993,-54.0000000000001));
#4516=CARTESIAN_POINT('Origin',(-64.7499999999454,127.499999999993,-54.0000000000001));
#4517=CARTESIAN_POINT('Origin',(-64.7499999999454,127.749999999993,-31.));
#4518=CARTESIAN_POINT('',(-68.1499999999454,127.499999999993,-31.));
#4519=CARTESIAN_POINT('Origin',(-64.7499999999454,127.499999999993,-31.));
#4520=CARTESIAN_POINT('',(-68.6499999999454,127.999999999993,-31.));
#4521=CARTESIAN_POINT('',(-68.3999999999454,127.749999999993,-31.));
#4522=CARTESIAN_POINT('Origin',(-64.7499999999454,127.999999999993,-31.));
#4523=CARTESIAN_POINT('Origin',(-64.7499999999454,129.499999999993,-31.));
#4524=CARTESIAN_POINT('',(-68.6499999999454,128.999999999993,-31.));
#4525=CARTESIAN_POINT('',(-68.6499999999454,129.499999999993,-31.));
#4526=CARTESIAN_POINT('Origin',(-64.7499999999454,128.999999999993,-31.));
#4527=CARTESIAN_POINT('Origin',(-64.7499999999454,127.499999999993,-31.));
#4528=CARTESIAN_POINT('Origin',(-64.7499999999454,129.249999999993,-54.0000000000001));
#4529=CARTESIAN_POINT('',(-68.8999999999454,129.249999999993,-54.0000000000001));
#4530=CARTESIAN_POINT('Origin',(-64.7499999999454,129.249999999993,-31.));
#4531=CARTESIAN_POINT('',(-68.8999999999454,129.249999999993,-31.));
#4532=CARTESIAN_POINT('Origin',(-6.7499999999453,129.249999999993,-31.));
#4533=CARTESIAN_POINT('',(-10.8999999999453,129.249999999993,-31.));
#4534=CARTESIAN_POINT('Origin',(-6.74999999994529,129.249999999993,-54.0000000000001));
#4535=CARTESIAN_POINT('',(-10.8999999999453,129.249999999993,-54.0000000000001));
#4536=CARTESIAN_POINT('Origin',(-53.4499999999482,134.499999999993,-42.3));
#4537=CARTESIAN_POINT('',(-63.7499999999482,134.499999999993,-42.3));
#4538=CARTESIAN_POINT('Origin',(-63.7499999999482,134.499999999993,-30.));
#4539=CARTESIAN_POINT('Origin',(-60.5080450246393,131.999999999993,-63.));
#4540=CARTESIAN_POINT('',(-64.3615469663095,131.999999999993,-61.9273757482028));
#4541=CARTESIAN_POINT('',(-60.5080450246393,131.999999999993,-59.));
#4542=CARTESIAN_POINT('Origin',(-63.5467104178468,129.499999999993,-59.));
#4543=CARTESIAN_POINT('',(-68.0882131726112,134.499999999993,-75.3157691561265));
#4544=CARTESIAN_POINT('Origin',(-64.2347112309409,134.499999999993,-76.3883934079237));
#4545=CARTESIAN_POINT('Origin',(-7.26528876895408,134.499999999993,-76.388393407918));
#4546=CARTESIAN_POINT('',(-3.41178682728381,134.499999999993,-75.3157691561208));
#4547=CARTESIAN_POINT('Origin',(-3.0652842392,129.499999999993,-76.5606117873941));
#4548=CARTESIAN_POINT('',(-7.13845303358396,131.999999999993,-61.9273757482028));
#4549=CARTESIAN_POINT('Origin',(-10.9919549752542,131.999999999993,-63.));
#4550=CARTESIAN_POINT('',(-10.9919549752542,131.999999999993,-59.));
#4551=CARTESIAN_POINT('Origin',(1.83552049910278E-12,134.499999999994,-78.25));
#4552=CARTESIAN_POINT('',(-1.74999999999816,134.499999999994,-78.25));
#4553=CARTESIAN_POINT('Origin',(-71.4999999998983,134.499999999993,-78.25));
#4554=CARTESIAN_POINT('',(-73.2499999998983,134.499999999993,-78.25));
#4555=CARTESIAN_POINT('Origin',(1.76446622552677E-12,134.499999999994,-6.74999999999995));
#4556=CARTESIAN_POINT('',(-1.74999999999823,134.499999999994,-6.74999999999995));
#4557=CARTESIAN_POINT('Origin',(-65.7499999999482,134.499999999993,-59.));
#4558=CARTESIAN_POINT('Origin',(-71.4999999998982,134.499999999993,-6.74999999999997));
#4559=CARTESIAN_POINT('',(-73.2499999998982,134.499999999993,-6.74999999999997));
#4560=UNCERTAINTY_MEASURE_WITH_UNIT(LENGTH_MEASURE(0.01),#4564,
'DISTANCE_ACCURACY_VALUE',
'Maximum model space distance between geometric entities at asserted c
onnectivities');
#4561=UNCERTAINTY_MEASURE_WITH_UNIT(LENGTH_MEASURE(0.01),#4564,
'DISTANCE_ACCURACY_VALUE',
'Maximum model space distance between geometric entities at asserted c
onnectivities');
#4562=(
GEOMETRIC_REPRESENTATION_CONTEXT(3)
GLOBAL_UNCERTAINTY_ASSIGNED_CONTEXT((#4560))
GLOBAL_UNIT_ASSIGNED_CONTEXT((#4564,#4566,#4567))
REPRESENTATION_CONTEXT('','3D')
);
#4563=(
GEOMETRIC_REPRESENTATION_CONTEXT(3)
GLOBAL_UNCERTAINTY_ASSIGNED_CONTEXT((#4561))
GLOBAL_UNIT_ASSIGNED_CONTEXT((#4564,#4566,#4567))
REPRESENTATION_CONTEXT('','3D')
);
#4564=(
LENGTH_UNIT()
NAMED_UNIT(*)
SI_UNIT(.MILLI.,.METRE.)
);
#4565=(
LENGTH_UNIT()
NAMED_UNIT(*)
SI_UNIT($,.METRE.)
);
#4566=(
NAMED_UNIT(*)
PLANE_ANGLE_UNIT()
SI_UNIT($,.RADIAN.)
);
#4567=(
NAMED_UNIT(*)
SI_UNIT($,.STERADIAN.)
SOLID_ANGLE_UNIT()
);
#4568=SHAPE_DEFINITION_REPRESENTATION(#4569,#4570);
#4569=PRODUCT_DEFINITION_SHAPE('',$,#4572);
#4570=SHAPE_REPRESENTATION('',(#2644),#4562);
#4571=PRODUCT_DEFINITION_CONTEXT('part definition',#4576,'design');
#4572=PRODUCT_DEFINITION('Pi Zero Mount','Pi Zero Mount',#4573,#4571);
#4573=PRODUCT_DEFINITION_FORMATION('',$,#4578);
#4574=PRODUCT_RELATED_PRODUCT_CATEGORY('Pi Zero Mount','Pi Zero Mount',
(#4578));
#4575=APPLICATION_PROTOCOL_DEFINITION('international standard',
'automotive_design',2009,#4576);
#4576=APPLICATION_CONTEXT(
'Core Data for Automotive Mechanical Design Process');
#4577=PRODUCT_CONTEXT('part definition',#4576,'mechanical');
#4578=PRODUCT('Pi Zero Mount','Pi Zero Mount',$,(#4577));
#4579=PRESENTATION_STYLE_ASSIGNMENT((#4581));
#4580=PRESENTATION_STYLE_ASSIGNMENT((#4582));
#4581=SURFACE_STYLE_USAGE(.BOTH.,#4583);
#4582=SURFACE_STYLE_USAGE(.BOTH.,#4584);
#4583=SURFACE_SIDE_STYLE('',(#4585));
#4584=SURFACE_SIDE_STYLE('',(#4586));
#4585=SURFACE_STYLE_FILL_AREA(#4587);
#4586=SURFACE_STYLE_FILL_AREA(#4588);
#4587=FILL_AREA_STYLE('Steel - Satin',(#4589));
#4588=FILL_AREA_STYLE('Opaque(255,0,0)',(#4590));
#4589=FILL_AREA_STYLE_COLOUR('Steel - Satin',#4591);
#4590=FILL_AREA_STYLE_COLOUR('Opaque(255,0,0)',#4592);
#4591=COLOUR_RGB('Steel - Satin',0.627450980392157,0.627450980392157,0.627450980392157);
#4592=COLOUR_RGB('Opaque(255,0,0)',1.,0.,0.);
ENDSEC;
END-ISO-10303-21;
